bookId,titleSlug,authorId,authorName,headline,teaser,description,authorBio,themeConcept,audience,styleTone,actionableIdeas,usp,topics,bookQuotes,authorQuotes
284127,fear-and-trembling-repetition,367189,Søren Kierkegaard,"A profound exploration of faith, ethics, and the human experience.","Dive deep into existential questions with this timeless philosophical masterpiece.","<p>'Fear and Trembling' by Søren Kierkegaard is a seminal work that delves into the complexities of faith and ethics. Using the biblical story of Abraham and Isaac, Kierkegaard examines the tension between religious faith and moral duty.</p><p>Through engaging, thought-provoking prose, the book invites readers to reflect on the nature of sacrifice, obedience, and the subjective relationship with God. Its companion essay, 'Repetition,' offers a unique perspective on human longing and the search for meaning.</p><p>These works challenge conventional notions of faith, encouraging readers to embrace existential uncertainties. With its timeless relevance, 'Fear and Trembling' remains a cornerstone of philosophical and theological inquiry.</p><p>Whether you’re a seasoned philosopher or a curious seeker, Kierkegaard’s insights are sure to inspire profound self-reflection.</p>","Søren Kierkegaard (1813–1855) was a Danish philosopher, theologian, and poet, considered the father of existentialism.","Faith versus ethics | Subjectivity in religion | The paradox of belief and doubt.","Philosophy enthusiasts, theologians, and existential seekers.","Philosophical, introspective, and challenging.","Contemplate personal faith | Reconcile morality with belief | Embrace existential uncertainties.","A deeply personal and philosophical exploration of faith's paradoxes.","Philosophy, Theology, Faith, Ethics, Existentialism","'Faith is the highest passion of humanity.' | 'To believe is to leap into the unknown.'","'Truth is subjectivity.' | 'Doubt is conquered by faith, not reason.'"
283832,the-human-condition,367277,Hannah Arendt,"An incisive analysis of what it means to be human.","Examine the political, social, and philosophical aspects of human life.","<p>Hannah Arendt’s 'The Human Condition' is a groundbreaking work that explores the nature of human activities and their impact on society. Divided into three primary concepts—labor, work, and action—the book provides a framework for understanding the human condition in modernity.</p><p>Arendt discusses how the rise of automation, the public sphere, and individual freedoms interact to shape political and social systems. Her insights challenge readers to reflect on their role in a rapidly changing world.</p><p>The book combines historical analysis with philosophical inquiry, offering a profound critique of modern alienation and consumer culture.</p><p>'The Human Condition' is a thought-provoking read for anyone seeking to understand the forces that define our existence.</p>","Hannah Arendt (1906–1975) was a German-American political theorist, known for her works on totalitarianism and the nature of power.","Labor, work, and action | Public versus private spheres | Critique of modernity and alienation.","Philosophy and political science students, intellectuals, and social theorists.","Analytical, reflective, and provocative.","Reflect on the meaning of action | Question consumerist culture | Analyze the role of public life.","A pioneering exploration of human activities and their societal implications.","Philosophy, Political Theory, Modernity, Human Nature, Sociology","'The power to act is the essence of human freedom.' | 'Labor sustains life, but action defines it.'","'Every crisis contains the seeds of innovation.' | 'Thoughtlessness is the root of all evil.'"
279847,150-tryk-lysl-brk-bamk,363292,سليمان الصقير,"A journey into the poetic soul of Arabic literature.","Discover the beauty of words through evocative and timeless verses.","<p>In '150 Tryk Lysl Brk Bamk,' سليمان الصقير weaves a rich tapestry of emotions, capturing the essence of life through poetry. The book explores themes of love, loss, and hope, reflecting on universal human experiences.</p><p>Each poem resonates with cultural and philosophical depth, offering readers a glimpse into the author’s perspective on the world. Through elegant language and vivid imagery, الصقير invites readers to connect with their own emotions.</p><p>The collection is a celebration of the Arabic literary tradition, blending modern sensibilities with timeless themes.</p><p>This book is a must-read for poetry lovers and anyone seeking solace and inspiration through the power of words.</p>","سليمان الصقير is an acclaimed Arabic poet and author, celebrated for his evocative and culturally resonant works.","Evocative poetry | Themes of love and loss | Celebration of Arabic literary tradition.","Arabic poetry enthusiasts and lovers of evocative literature.","Lyrical, emotional, and introspective.","Reflect on love and loss | Appreciate cultural depth | Find inspiration in everyday moments.","A blend of modern and traditional Arabic poetic expressions.","Poetry, Arabic Literature, Love, Loss, Culture","'Words are the soul’s mirror.' | 'Through poetry, we transcend time and space.'","'Art speaks where words fail.' | 'Poetry is the voice of the heart.'"
297138,raising-a-healthy-happy-eater-a-parents-handbook-a-stage-by-stage-guide-to-setting-your-child-on-the-path-to-adventurous-eating,380583,Nimali Fernando,"A practical guide to fostering adventurous and healthy eating habits.","Empower your child to embrace diverse foods and lifelong nutrition.","<p>'Raising a Healthy, Happy Eater' by Nimali Fernando is an indispensable guide for parents navigating the challenges of childhood nutrition. The book offers stage-by-stage strategies to encourage adventurous eating habits, from infancy to adolescence.</p><p>Fernando combines expert advice with real-world tips to help parents create a positive food environment. Topics include introducing new foods, managing picky eaters, and building lifelong nutritional habits.</p><p>Rich with practical examples and insights, the book demystifies the science of nutrition and emphasizes the importance of family mealtimes and cultural diversity in food.</p><p>Whether you’re a new parent or an experienced one, this book provides actionable strategies to raise children who love and respect food.</p>","Dr. Nimali Fernando is a pediatrician and nutrition expert, dedicated to helping families build healthy eating habits.","Stage-by-stage approach | Emphasis on cultural food diversity | Practical tips for picky eaters.","Parents, caregivers, and educators.","Practical, supportive, and engaging.","Introduce new foods gradually | Make family meals enjoyable | Focus on long-term nutrition goals.","A holistic and accessible approach to childhood nutrition.","Parenting, Nutrition, Childhood Development, Healthy Eating, Family Life","'Healthy eating begins at the family table.' | 'Diversity in food reflects diversity in life.'","'Parenting is about empowering children to make good choices.' | 'Food is the foundation of a healthy life.'"
318158,when-we-left-cuba,382025,Chanel Cleeton,"A tale of love, espionage, and a woman’s fight for justice.","Set against the backdrop of political turmoil, a gripping historical romance unfolds.","<p>'When We Left Cuba' by Chanel Cleeton is a sweeping tale of love, espionage, and resilience. Set in 1960s Florida, the book follows Beatriz Perez, a Cuban exile determined to fight against the regime that destroyed her family’s life.</p><p>Amidst Cold War intrigue, Beatriz becomes embroiled in a dangerous world of espionage, torn between her love for an American senator and her thirst for justice. Cleeton masterfully blends historical events with rich characters and a fast-paced plot.</p><p>The novel explores themes of identity, loyalty, and the cost of revenge, offering a vivid portrayal of Cuban exile experiences during a tumultuous era.</p><p>Perfect for fans of historical fiction and strong heroines, 'When We Left Cuba' is an unforgettable journey through love and loss.</p>","Chanel Cleeton is a bestselling author, celebrated for her captivating historical romances inspired by her Cuban heritage.","Cuban exile and resilience | Espionage and political intrigue | Love and identity in turbulent times.","Fans of historical fiction, romance, and strong female protagonists.","Dramatic, heartfelt, and fast-paced.","Reflect on identity and exile | Balance personal and political loyalties | Embrace resilience in adversity.","A unique blend of historical romance and Cold War espionage.","Historical Fiction, Romance, Espionage, Cuban History, Strong Heroines","'Courage is found in the fight for what you love.' | 'Love can bloom even amidst political chaos.'","'History is the story of human resilience.' | 'Strong women are the heart of every revolution.'"
291735,become-an-effective-software-engineering-manager,375180,James Stanier,"Master the art of leading and mentoring in software development.","A comprehensive guide to managing teams and building successful software.","<p>'Become an Effective Software Engineering Manager' by James Stanier is an invaluable resource for engineers transitioning into management. The book covers essential skills such as communication, conflict resolution, and team building, while addressing challenges specific to the software industry.</p><p>Stanier offers actionable advice on fostering a collaborative culture, managing remote teams, and delivering high-quality projects on time. Each chapter is filled with practical examples, making complex concepts accessible.</p><p>Whether you're a new manager or a seasoned leader, this guide equips you with the tools to inspire and lead your team effectively.</p><p>Combining industry insights with actionable strategies, Stanier's book is a must-read for anyone aiming to excel in software management.</p>","James Stanier is a software engineer turned manager, known for his expertise in team leadership and organizational effectiveness.","Transitioning from engineer to manager | Building collaborative team cultures | Managing remote and hybrid teams.","Software engineers aspiring to management, team leaders, and tech managers.","Practical, insightful, and empowering.","Foster clear communication channels | Encourage team ownership | Manage conflicts constructively.","A tailored approach to leadership in software engineering.","Management, Software Development, Team Leadership, Collaboration, Remote Work","'Great leaders build great teams, not great egos.' | 'Management is about enabling others to succeed.'","'Effective teams thrive on trust and transparency.' | 'Leadership begins with listening.'"
299446,god-the-failed-hypothesis-how-science-shows-that-god-does-not-exist,382891,Victor J. Stenger,"A scientific exploration of the God hypothesis and its shortcomings.","Challenge the intersection of science and religion with evidence-based arguments.","<p>In 'God: The Failed Hypothesis,' Victor J. Stenger examines the claims of religion through the lens of science. Using empirical evidence, he argues that there is no scientific basis for the existence of a deity.</p><p>The book explores philosophical and cosmological arguments, addressing common theological claims with clarity and logic. Stenger provides an accessible guide for readers interested in the intersection of science and faith.</p><p>By presenting evidence and counterarguments, 'God: The Failed Hypothesis' encourages readers to question long-held beliefs and consider a scientific perspective on existential questions.</p><p>Whether you're a skeptic or a believer, Stenger's work is an enlightening journey into rational inquiry.</p>","Victor J. Stenger (1935–2014) was a physicist and philosopher, known for his critical works on science and religion.","Examining theology through science | Refuting cosmological arguments | Encouraging rational inquiry.","Skeptics, scientists, and readers exploring science-faith debates.","Logical, analytical, and thought-provoking.","Question theological claims with evidence | Understand cosmological principles | Engage in rational debates.","A rigorous scientific critique of theological arguments.","Science, Philosophy, Atheism, Cosmology, Rational Inquiry","'Faith begins where evidence ends.' | 'Science and religion address different questions, but only one seeks answers.'","'The universe reveals its secrets through science, not speculation.' | 'Critical thinking is the key to understanding.'"
306964,twilight-of-the-godlings-the-shadowy-beginnings-of-britain-s-supernatural-beings,390409,Francis Young,"Uncover the forgotten roots of Britain’s supernatural beings.","A fascinating journey into the origins of British folklore and mythology.","<p>'Twilight of the Godlings' by Francis Young is an enthralling exploration of the shadowy origins of Britain’s supernatural beings. The book delves into pre-Christian traditions, tracing the evolution of mythological creatures and their enduring influence on British folklore.</p><p>Young examines archaeological findings, historical texts, and oral traditions, shedding light on how these entities shaped cultural identity and spirituality. The narrative offers a compelling blend of history, mythology, and cultural anthropology.</p><p>With its rich detail and insightful analysis, 'Twilight of the Godlings' is an essential read for anyone captivated by the mystical and the mythical.</p><p>This book not only entertains but also deepens our understanding of Britain’s cultural heritage.</p>","Francis Young is a historian and folklorist, specializing in medieval history and supernatural traditions.","Origins of British mythology | Cultural significance of folklore | Evolution of supernatural beings.","Folklore enthusiasts, historians, and lovers of mythology.","Captivating, scholarly, and richly detailed.","Explore ancient myths | Reflect on cultural identity | Understand the evolution of folklore.","A unique study connecting mythology with cultural history.","Folklore, Mythology, History, Supernatural, British Culture","'The supernatural reflects the fears and hopes of a society.' | 'Mythology is the heart of cultural identity.'","'History and folklore are mirrors of a society’s soul.' | 'Understanding the past illuminates the present.'"
280084,zig-zag-the-surprising-path-to-greater-creativity,363529,R. Keith Sawyer,"Unlock the secrets to unleashing your creative potential.","Learn the science and strategies behind creativity in this engaging guide.","<p>'Zig Zag' by R. Keith Sawyer offers a fresh perspective on creativity, blending scientific research with practical exercises. The book introduces eight steps to enhance creative thinking, helping readers overcome mental blocks and generate innovative ideas.</p><p>Through engaging anecdotes and actionable advice, Sawyer demystifies the creative process, making it accessible to everyone. Whether you’re an artist, entrepreneur, or student, 'Zig Zag' provides the tools to think outside the box.</p><p>The book also highlights the importance of persistence, collaboration, and experimentation in achieving creative breakthroughs.</p><p>'Zig Zag' is a must-read for anyone looking to unlock their creative potential and make their ideas a reality.</p>","R. Keith Sawyer is a psychologist and expert in creativity, known for his research on innovation and collaboration.","Steps to enhance creativity | Overcoming mental blocks | Emphasizing persistence and collaboration.","Artists, entrepreneurs, and anyone seeking creative inspiration.","Practical, engaging, and inspiring.","Practice brainstorming techniques | Collaborate to innovate | Embrace failure as part of the process.","A science-backed guide to unlocking creativity.","Creativity, Innovation, Problem-Solving, Psychology, Collaboration","'Creativity is a skill that can be learned, not a gift.' | 'Innovation thrives on persistence and experimentation.'","'Ideas are born in collaboration, not isolation.' | 'The journey of creativity is as important as the destination.'"
320916,nightwood,404361,Djuna Barnes,"A hauntingly poetic exploration of love, identity, and loss.","Immerse yourself in the fragmented beauty of Barnes’ modernist classic.","<p>'Nightwood' by Djuna Barnes is a modernist masterpiece that weaves a tale of love, betrayal, and identity. Set in 1920s Europe, the novel follows a cast of enigmatic characters navigating complex relationships and existential dilemmas.</p><p>Barnes’ prose is both lyrical and disorienting, mirroring the fractured emotional states of her characters. The book delves into themes of gender, sexuality, and the human yearning for connection.</p><p>With its vivid imagery and daring narrative style, 'Nightwood' challenges traditional storytelling, offering readers a deeply immersive experience.</p><p>This groundbreaking novel is a touchstone for modernist literature and a profound meditation on the human condition.</p>","Djuna Barnes (1892–1982) was an avant-garde writer and artist, celebrated for her contributions to modernist literature.","Exploration of identity and gender | Innovative narrative style | Themes of love and loss.","Modernist literature enthusiasts, LGBTQ+ readers, and fans of avant-garde art.","Lyrical, disorienting, and evocative.","Reflect on identity and relationships | Appreciate avant-garde art | Embrace unconventional storytelling.","A pioneering work in modernist literature.","Modernist Literature, LGBTQ+, Identity, Gender, Love, Avant-Garde","'Love is a shadow, a question without an answer.' | 'The heart is a lonely hunter in the night.'","'Art is not about perfection; it’s about truth.' | 'The avant-garde is where art meets courage.'"
296725,raising-self-reliant-children-in-a-self-indulgent-world-seven-building-blocks-for-developing-capable-young-people,365335,Jane Nelsen,"Empower your children with independence and resilience.","A practical guide to fostering self-reliance in today’s world.","<p>'Raising Self-Reliant Children in a Self-Indulgent World' by Jane Nelsen provides a comprehensive framework for developing capable and independent young people. The book introduces seven building blocks essential for instilling responsibility and self-discipline in children.</p><p>Nelsen combines expert advice with relatable anecdotes, offering actionable strategies to navigate parenting challenges. From setting boundaries to encouraging problem-solving, this guide equips parents with tools to foster self-reliance.</p><p>The book emphasizes the importance of balancing nurturing with accountability, helping children thrive in an increasingly self-indulgent culture.</p><p>This is an essential read for parents seeking to raise confident and competent individuals in a fast-paced world.</p>","Jane Nelsen is a psychologist and parenting expert, renowned for her Positive Discipline series and advocacy for respectful parenting methods.","Building self-reliance | Setting boundaries effectively | Encouraging problem-solving skills.","Parents, educators, and caregivers.","Practical, supportive, and empowering.","Set clear boundaries | Encourage independence | Foster problem-solving abilities.","A balanced approach to nurturing independence in children.","Parenting, Child Development, Self-Reliance, Education, Family Dynamics","'Self-reliance begins with trusting your children’s ability to learn and grow.' | 'Parenting is about guiding, not controlling.'","'Respectful parenting nurtures capable individuals.' | 'Discipline is about teaching, not punishing.'"
315186,gateway,398631,Frederik Pohl,"A thrilling blend of space exploration, danger, and human ambition.","Discover the mystery of the Heechee and their abandoned spaceport.","<p>'Gateway' by Frederik Pohl is a classic science fiction novel that takes readers on a thrilling journey to an abandoned alien spaceport. Robinette Broadhead, the protagonist, grapples with the dangers and rewards of piloting alien spacecraft left behind by the enigmatic Heechee.</p><p>The novel explores themes of risk, human ambition, and the psychological toll of adventure. Through vivid world-building and compelling characters, Pohl crafts a narrative that balances excitement with introspection.</p><p>'Gateway' is a cornerstone of the science fiction genre, blending speculative technology with profound human dilemmas.</p><p>This Hugo and Nebula Award-winning book is a must-read for fans of intelligent, character-driven science fiction.</p>","Frederik Pohl (1919–2013) was an acclaimed science fiction writer and editor, celebrated for his innovative and thought-provoking works.","Exploration of alien technology | Psychological depth of characters | Themes of risk and reward.","Science fiction enthusiasts and fans of character-driven narratives.","Thrilling, introspective, and imaginative.","Balance ambition with caution | Reflect on the cost of exploration | Appreciate the unknown.","A masterful blend of hard science fiction and human drama.","Science Fiction, Space Exploration, Alien Technology, Psychological Drama, Adventure","'The greatest risk is the one worth taking.' | 'In the void, you find your true self.'","'Science fiction is the art of the possible.' | 'Humanity’s greatest frontier is its own courage.'"
278778,lifehacker-88-tech-tricks-to-turbocharge-your-day,362223,Gina Trapani,"Simplify your digital life with these must-know tech tricks.","Unlock productivity and efficiency with 88 actionable tech tips.","<p>'Lifehacker: 88 Tech Tricks to Turbocharge Your Day' by Gina Trapani is a treasure trove of practical advice for optimizing your daily life. From organizing emails to mastering keyboard shortcuts, the book covers a wide range of tools and techniques to boost productivity.</p><p>Trapani’s straightforward writing and clear examples make the tips easy to implement, whether you’re a tech novice or an experienced user. The book also includes insights into maintaining digital security and minimizing distractions.</p><p>This guide is perfect for anyone looking to make their digital life more efficient and less stressful.</p><p>'Lifehacker' is a must-have for professionals, students, and anyone navigating the digital age.</p>","Gina Trapani is a tech entrepreneur and author, known for founding Lifehacker and her contributions to digital productivity.","Organizing digital workflows | Boosting productivity with tools | Maintaining digital security.","Professionals, students, and tech enthusiasts.","Practical, accessible, and insightful.","Streamline daily workflows | Secure your online presence | Master tech tools effectively.","An actionable guide to mastering technology for everyday life.","Technology, Productivity, Digital Tools, Efficiency, Security","'Productivity is about working smarter, not harder.' | 'Digital tools are only as effective as their user.'","'Good design minimizes friction.' | 'Efficiency is the cornerstone of innovation.'"
282749,wizard-the-life-and-times-of-nikola-tesla-biography-of-a-genius,366194,Marc J. Seifer,"Unveiling the life and legacy of a scientific genius.","Dive into the incredible life of Nikola Tesla and his groundbreaking innovations.","<p>'Wizard: The Life and Times of Nikola Tesla' by Marc J. Seifer is a definitive biography of one of history’s most enigmatic inventors. The book chronicles Tesla’s journey from his early days in Serbia to his revolutionary work in electricity and wireless communication.</p><p>Seifer provides an in-depth look at Tesla’s scientific achievements, personal struggles, and enduring influence on modern technology. The narrative balances technical insights with humanizing anecdotes, painting a complete picture of the man behind the inventions.</p><p>This biography is a celebration of innovation, perseverance, and the power of visionary thinking.</p><p>For readers interested in science, history, or inspiring figures, 'Wizard' is a captivating exploration of Tesla’s genius.</p>","Marc J. Seifer is a historian and author, specializing in biographies of scientific pioneers.","Exploring Tesla’s innovations | Balancing technical and personal narratives | Highlighting Tesla’s enduring legacy.","Science enthusiasts, historians, and aspiring innovators.","Inspiring, detailed, and enlightening.","Learn from Tesla’s perseverance | Appreciate the impact of visionaries | Reflect on the intersection of science and society.","A comprehensive biography of a revolutionary inventor.","Biography, Science, Innovation, Nikola Tesla, History","'The present is theirs; the future, for which I work, is mine.' | 'Invention is the most important product of the human brain.'","'Genius sees what others do not.' | 'Inspiration comes from the unlikeliest places.'"
300811,the-camping-trip-that-changed-america-theodore-roosevelt-john-muir-and-our-national-parks,363657,Barb Rosenstock,"An inspiring tale of friendship that shaped America’s natural treasures.","Discover the historic camping trip that led to the birth of national parks.","<p>'The Camping Trip That Changed America' by Barb Rosenstock recounts the pivotal meeting between President Theodore Roosevelt and conservationist John Muir. Their shared love for nature led to the establishment of America’s national parks system.</p><p>The book combines vivid storytelling with stunning illustrations, making it accessible and engaging for young readers. It highlights the importance of environmental stewardship and the power of collaboration.</p><p>This story serves as a timeless reminder of the impact one trip can have on the future of conservation.</p><p>Perfect for readers of all ages, this book is a celebration of nature and the visionaries who fought to preserve it.</p>","Barb Rosenstock is an award-winning children’s author, known for her engaging biographies and historical narratives.","Celebrating nature’s beauty | The power of visionary leadership | Importance of environmental stewardship.","Young readers, educators, and nature lovers.","Inspiring, educational, and heartwarming.","Appreciate natural wonders | Advocate for conservation | Learn about environmental history.","An engaging tale of how one trip transformed America’s wilderness.","History, Conservation, Nature, Theodore Roosevelt, John Muir","'The wilderness holds the key to our soul’s freedom.' | 'Great leaders leave legacies of preservation.'","'Conservation is humanity’s moral obligation.' | 'Nature is not a resource; it’s a responsibility.'"
294011,the-advertising-effect,377456,Adam Ferrier,"Master the art of influence through behavioral science.","Discover how psychology shapes advertising and influences consumer behavior.","<p>'The Advertising Effect' by Adam Ferrier offers a deep dive into the psychology behind advertising and how it influences consumer decisions. Ferrier draws on his expertise in behavioral science to reveal practical strategies for crafting persuasive ads.</p><p>The book explains key principles of influence, such as social proof, scarcity, and emotional triggers, using real-world examples to illustrate their impact. Ferrier’s insights are both accessible and actionable, making complex theories easy to apply.</p><p>This is a must-read for marketers, advertisers, and anyone curious about the power of influence in shaping choices.</p><p>With its engaging content and practical takeaways, 'The Advertising Effect' is a game-changer for modern marketing professionals.</p>","Adam Ferrier is a consumer psychologist and advertising expert, renowned for his innovative approach to behavioral science in marketing.","Behavioral science in advertising | Practical influence strategies | Real-world examples of psychological principles.","Marketers, advertisers, and psychology enthusiasts.","Practical, insightful, and engaging.","Use social proof effectively | Leverage emotional triggers in ads | Apply scarcity to drive demand.","Combines behavioral science with practical marketing techniques.","Advertising, Marketing, Behavioral Psychology, Influence, Consumer Behavior","'Advertising is about changing behavior, not just selling products.' | 'Emotion is the currency of influence.'","'The best campaigns are rooted in human truth.' | 'Understanding psychology is the key to great marketing.'"
308325,women-s-work-the-first-20-000-years-women-cloth-and-society-in-early-times,390208,Elizabeth Wayland Barber,"Unearthing the hidden history of women through textiles and society.","Discover how fabric and craft shaped civilization.","<p>'Women’s Work: The First 20,000 Years' by Elizabeth Wayland Barber explores the intersection of textiles, craftsmanship, and the role of women in early societies. The book delves into archaeological discoveries and historical accounts, shedding light on the cultural and economic impact of women’s contributions through weaving and cloth-making.</p><p>Barber paints a vivid picture of how textiles influenced trade, fashion, and societal structures, making her work both scholarly and accessible. This book highlights the often-overlooked narratives of women’s labor and its significance throughout history.</p><p>A must-read for history enthusiasts and feminists, 'Women’s Work' combines meticulous research with compelling storytelling, making the past come alive.</p>","Elizabeth Wayland Barber is an archaeologist and linguist, celebrated for her research on ancient textiles and women’s history.","Textiles shaping trade and society | Archaeological insights into women’s labor | The cultural significance of weaving.","Historians, feminists, and cultural enthusiasts.","Educational, compelling, and richly detailed.","Appreciate historical craftsmanship | Reflect on women’s roles in history | Explore the origins of trade.","A groundbreaking study of women’s labor and its cultural importance.","History, Textiles, Women’s Studies, Archaeology, Culture","'Cloth connects us to the stories of the past.' | 'The threads of history are often woven by women.'","'History is incomplete without women’s voices.' | 'The study of textiles is the study of civilization.'"
317944,harlem-shuffle,391225,Colson Whitehead,"A riveting tale of crime, family, and resilience in 1960s Harlem.","Dive into the double life of a furniture salesman turned heist accomplice.","<p>'Harlem Shuffle' by Colson Whitehead is a gripping crime novel set in 1960s Harlem, blending historical fiction with a thrilling heist story. Ray Carney, the protagonist, struggles to balance his respectable life as a furniture salesman with his involvement in the criminal underworld.</p><p>The book explores themes of family loyalty, racial identity, and the American dream. Whitehead’s richly detailed depiction of Harlem brings the era to life, immersing readers in a world of ambition and moral ambiguity.</p><p>With its masterful storytelling and vivid characters, 'Harlem Shuffle' is both a page-turner and a poignant exploration of societal dynamics.</p><p>This novel cements Whitehead’s reputation as one of America’s finest contemporary writers.</p>","Colson Whitehead is a Pulitzer Prize-winning author, known for his innovative and genre-spanning works.","Crime and family dynamics | Racial identity in 1960s America | The allure and cost of ambition.","Fans of historical fiction, crime novels, and literary drama.","Gritty, immersive, and thought-provoking.","Balance personal integrity with ambition | Reflect on societal inequities | Appreciate Harlem’s cultural history.","A unique blend of crime fiction and social commentary.","Historical Fiction, Crime, Harlem, 1960s, Family Dynamics","'Harlem is where dreams and schemes collide.' | 'Loyalty is tested in the shadows of ambition.'","'Storytelling is where history meets imagination.' | 'The American dream is a tale of reinvention.'"
279802,emotional-intelligence-control-your-emotions-your-guide-to-boost-your-communication-and-interpersonal-skills-for-lifelong-success,363247,Sarah Palmer,"Master your emotions to build stronger relationships and achieve success.","A practical guide to emotional intelligence and effective communication.","<p>'Emotional Intelligence' by Sarah Palmer provides a comprehensive toolkit for mastering emotions and enhancing interpersonal skills. The book emphasizes the importance of self-awareness, empathy, and emotional regulation in building strong relationships and achieving personal and professional goals.</p><p>Palmer combines psychological principles with actionable strategies, offering readers practical ways to improve communication, resolve conflicts, and navigate social interactions effectively.</p><p>This guide is perfect for anyone looking to boost their emotional intelligence and thrive in a connected world.</p><p>With its engaging and relatable content, 'Emotional Intelligence' empowers readers to unlock their potential through better emotional management.</p>","Sarah Palmer is a psychologist and author, specializing in emotional intelligence and interpersonal skills development.","The power of self-awareness | Building empathy and connections | Practical tools for emotional regulation.","Professionals, students, and anyone seeking personal growth.","Practical, relatable, and inspiring.","Practice mindfulness for self-awareness | Enhance empathy in daily interactions | Resolve conflicts with emotional regulation.","A practical approach to mastering emotional intelligence.","Self-Help, Emotional Intelligence, Communication, Interpersonal Skills, Personal Development","'Understanding emotions is the key to understanding people.' | 'Empathy is the foundation of meaningful connections.'","'Emotions are tools, not obstacles.' | 'Growth begins with self-awareness and reflection.'"
313550,the-dogs-of-riga,396257,Henning Mankell,"A chilling Nordic crime mystery of corruption and intrigue.","Follow Kurt Wallander as he uncovers a deadly conspiracy across borders.","<p>'The Dogs of Riga' by Henning Mankell is a masterful addition to the Kurt Wallander series. The novel begins with the discovery of two dead bodies on a life raft off the Swedish coast, leading Wallander into a complex web of international corruption.</p><p>Mankell’s atmospheric writing captures the bleakness of the Nordic setting while delving into political intrigue and human drama. Wallander’s dogged pursuit of truth takes him to Latvia, where danger and deception lurk at every turn.</p><p>This gripping mystery blends elements of crime, politics, and personal struggle, making it a standout in the genre.</p><p>Perfect for fans of Nordic noir, 'The Dogs of Riga' offers a suspenseful and thought-provoking reading experience.</p>","Henning Mankell (1948–2015) was a Swedish author and playwright, widely regarded as a pioneer of Nordic noir.","Nordic noir atmosphere | Political and international intrigue | Complex characters and moral dilemmas.","Fans of crime fiction, Nordic noir, and suspenseful mysteries.","Dark, suspenseful, and atmospheric.","Question authority and corruption | Embrace persistence in problem-solving | Reflect on cross-cultural dynamics.","A gripping blend of Nordic noir and political thriller.","Crime, Nordic Noir, Mystery, Political Intrigue, International Corruption","'Truth is the only compass in a sea of lies.' | 'Corruption knows no borders.'","'Crime fiction reveals the cracks in society’s façade.' | 'Nordic noir thrives on moral complexity.'"
285778,freud-and-beyond-a-history-of-modern-psychoanalytic-thought,369223,Stephen A. Mitchell,"A comprehensive journey through modern psychoanalytic theory.","Explore Freud's legacy and its evolution in modern psychoanalysis.","<p>'Freud and Beyond' by Stephen A. Mitchell provides an accessible overview of psychoanalytic thought, tracing its development from Freud’s original theories to contemporary advancements. The book explores key figures such as Jung, Klein, and Winnicott, offering insights into how psychoanalysis continues to shape our understanding of the human psyche.</p><p>Mitchell examines topics such as the unconscious mind, relational dynamics, and the therapeutic process, making complex ideas engaging and relatable.</p><p>This book is essential for students, therapists, and anyone interested in the evolution of psychoanalytic thought.</p><p>Rich with examples and critical analysis, 'Freud and Beyond' is a foundational text for understanding modern psychology.</p>","Stephen A. Mitchell was a prominent psychoanalyst and author, known for bridging classical and contemporary theories in psychotherapy.","Tracing psychoanalytic history | Exploring key contributors | Connecting theory to practice.","Psychology students, therapists, and intellectuals interested in psychoanalysis.","Educational, analytical, and thought-provoking.","Apply psychoanalytic theories in therapy | Reflect on relational dynamics | Explore the unconscious mind.","A definitive guide to the evolution of psychoanalysis.","Psychology, Psychoanalysis, Freud, Therapy, Human Mind","'The unconscious mind holds the keys to our deepest truths.' | 'Psychoanalysis is a journey into the unknown self.'","'Human connections are at the heart of psychological healing.' | 'Modern theories build on Freud’s enduring foundation.'"
281034,ain-t-burned-all-the-bright,364104,Jason Reynolds,"A searing exploration of resilience and identity in uncertain times.","Experience the raw power of words and art in this groundbreaking collaboration.","<p>'Ain’t Burned All the Bright' by Jason Reynolds is a profound and poetic work that combines lyrical prose with evocative illustrations to capture the essence of resilience and identity. Structured as a stream of consciousness, the book delves into the thoughts and emotions of a young Black boy grappling with the weight of systemic oppression and personal struggles.</p><p>Reynolds’ words and Jason Griffin’s art create a visceral experience that challenges readers to reflect on their own lives and the broader societal context. This collaboration is as much a visual experience as it is literary.</p><p>The book’s format and message make it a unique addition to contemporary literature, resonating deeply with readers of all ages.</p><p>'Ain’t Burned All the Bright' is a testament to the power of storytelling and art in navigating adversity and finding hope.</p>","Jason Reynolds is a New York Times bestselling author, celebrated for his poignant and accessible works addressing social issues and youth resilience.","Art and words in harmony | Exploring identity and resilience | A critique of systemic challenges.","Young adults, educators, and readers seeking impactful stories.","Poetic, reflective, and visually powerful.","Reflect on systemic issues | Find strength in storytelling | Embrace resilience in adversity.","A powerful blend of prose and art addressing critical societal themes.","Poetry, Art, Identity, Social Issues, Youth Resilience","'Resilience is not the absence of fear but the triumph over it.' | 'Art speaks when words fall short.'","'Stories are bridges to understanding.' | 'Youth voices are the heartbeat of change.'"
297616,to-shake-the-sleeping-self-a-journey-from-oregon-to-patagonia-and-a-quest-for-a-life-with-no-regret,381061,Jedidiah Jenkins,"An inspiring journey of self-discovery on two wheels.","Follow a transformative bike trip across continents in search of meaning.","<p>'To Shake the Sleeping Self' by Jedidiah Jenkins chronicles a life-changing journey from Oregon to Patagonia on a bicycle. As Jenkins traverses diverse landscapes and cultures, he reflects on life, faith, and the pursuit of authenticity.</p><p>The book balances travel memoir with personal introspection, offering readers a heartfelt exploration of the challenges and rewards of stepping out of one’s comfort zone. Jenkins’ narrative is as much about the internal journey as the external adventure.</p><p>Through vivid descriptions and honest self-reflection, 'To Shake the Sleeping Self' inspires readers to live boldly and embrace change.</p><p>This memoir is a must-read for adventurers, dreamers, and anyone seeking a deeper connection with themselves and the world.</p>","Jedidiah Jenkins is a writer, adventurer, and speaker, known for his inspiring journeys and reflections on life and purpose.","Epic travel and personal growth | Reflecting on faith and identity | Embracing change and adventure.","Travel enthusiasts, memoir readers, and introspective adventurers.","Heartfelt, introspective, and adventurous.","Step out of your comfort zone | Reflect on personal growth | Embrace the unknown with courage.","A captivating blend of adventure and personal introspection.","Travel Memoir, Adventure, Self-Discovery, Faith, Personal Growth","'The greatest journey is the one within.' | 'Adventure is the path to understanding ourselves.'","'Life is lived in the choices we make every day.' | 'Change begins with stepping into the unknown.'"
279448,business-communication-building-critical-skills,362893,Kitty O. Locker,"Master effective communication for success in business and beyond.","A practical guide to enhancing communication skills in professional settings.","<p>'Business Communication: Building Critical Skills' by Kitty O. Locker is a comprehensive resource for mastering the art of effective communication in the workplace. The book covers essential topics such as crafting impactful messages, navigating interpersonal interactions, and leveraging digital tools for collaboration.</p><p>Locker’s approach combines theory with practical exercises, ensuring readers can apply learned concepts to real-world scenarios. Whether it’s improving presentation skills or managing conflicts, this guide provides actionable strategies for success.</p><p>The book is an invaluable asset for professionals, students, and anyone seeking to excel in a business environment through clear and confident communication.</p>","Kitty O. Locker was a respected academic and author, recognized for her expertise in business communication and professional writing.","Crafting impactful messages | Navigating interpersonal dynamics | Leveraging technology for collaboration.","Business professionals, students, and corporate trainers.","Practical, professional, and insightful.","Craft clear and concise messages | Improve public speaking skills | Use digital tools for effective collaboration.","Combines foundational theory with actionable communication strategies.","Business Communication, Professional Skills, Interpersonal Communication, Digital Tools, Conflict Resolution","'Communication is the cornerstone of professional success.' | 'Every message has the power to influence and inspire.'","'Effective communication begins with active listening.' | 'Clarity is the foundation of credibility.'"
305575,sexuality-space,387604,Beatriz Colomina,"Rethinking architecture through the lens of intimacy and power.","Explore how architecture shapes and reflects our sexual and social identities.","<p>'Sexuality and Space' by Beatriz Colomina offers a provocative exploration of how architecture interacts with ideas of intimacy, power, and identity. The book examines spaces such as homes, cities, and public buildings, revealing how their design influences social and sexual norms.</p><p>Colomina’s critical analysis challenges conventional views of architecture, encouraging readers to see built environments as active participants in shaping human behavior.</p><p>This groundbreaking work is essential for architects, sociologists, and anyone interested in the intersection of space, society, and identity.</p><p>'Sexuality and Space' invites readers to rethink the role of architecture in defining our private and public lives.</p>","Beatriz Colomina is a theorist and scholar specializing in architectural history, known for her innovative perspectives on space and society.","Architecture and identity | Intimacy in public and private spaces | Challenging societal norms through design.","Architects, sociologists, and design theorists.","Critical, provocative, and thought-provoking.","Reflect on how spaces shape behavior | Reimagine the role of architecture | Challenge traditional societal structures.","An innovative critique of architecture’s role in shaping identity.","Architecture, Sociology, Identity, Sexuality, Cultural Studies","'Spaces are not neutral; they shape who we are.' | 'Architecture reflects power and intimacy.'","'Design is never apolitical.' | 'Architecture shapes, and is shaped by, society.'"
312868,busman-s-honeymoon,363644,Dorothy L. Sayers,"A cozy mystery of love, wit, and murder.","Follow Lord Peter Wimsey and Harriet Vane in a murder mystery with a romantic twist.","<p>'Busman’s Honeymoon' by Dorothy L. Sayers combines the charm of a cozy mystery with the depth of a love story. Newlyweds Lord Peter Wimsey and Harriet Vane’s honeymoon takes an unexpected turn when a murder occurs in their rented country house.</p><p>Sayers masterfully weaves humor, romance, and suspense, creating a narrative that delights and intrigues in equal measure. The dynamic between Peter and Harriet brings both wit and heart to the story.</p><p>This classic mystery is as much about human relationships as it is about solving a crime, making it a unique addition to the genre.</p><p>'Busman’s Honeymoon' is a treat for fans of traditional mysteries and timeless romances.</p>","Dorothy L. Sayers (1893–1957) was an English writer, renowned for her detective novels and literary scholarship.","Blending romance with mystery | Exploring marital dynamics | Witty and suspenseful storytelling.","Fans of cozy mysteries, classic literature, and romantic suspense.","Witty, heartfelt, and suspenseful.","Appreciate the interplay of wit and romance | Reflect on human relationships | Immerse in a classic mystery.","A charming blend of love story and murder mystery.","Mystery, Romance, Cozy Mystery, Classic Fiction, Human Relationships","'Love is the ultimate mystery to solve.' | 'Every crime hides a story waiting to be uncovered.'","'A good mystery is about people, not just puzzles.' | 'Humor and suspense are timeless companions.'"
308543,the-residence-inside-the-private-world-of-the-white-house,391988,Kate Andersen Brower,"An intimate look at the lives behind the scenes at 1600 Pennsylvania Avenue.","Explore the hidden stories of the White House staff and its residents.","<p>'The Residence' by Kate Andersen Brower offers a behind-the-scenes glimpse into the lives of the people who run the White House. From butlers and chefs to housekeepers and florists, the book reveals their experiences serving America’s First Families.</p><p>Brower blends interviews and historical accounts to highlight the human side of history, showcasing moments of joy, tension, and resilience. Readers are treated to anecdotes that range from humorous to deeply moving.</p><p>This book is a fascinating exploration of how the White House functions as both a residence and a symbol of power.</p><p>'The Residence' is a must-read for history buffs and anyone curious about the lives of those behind the curtains of power.</p>","Kate Andersen Brower is a journalist and author specializing in historical narratives about U.S. political figures and their families.","Humanizing historical figures | Life behind closed doors | The resilience of White House staff.","History buffs, political enthusiasts, and general readers.","Intimate, engaging, and meticulously researched.","Reflect on the human side of leadership | Appreciate the dedication of staff | Explore the history of the White House.","An unparalleled glimpse into the private world of the White House.","History, Politics, White House, U.S. Presidents, Human Stories","'Power resides where humanity thrives.' | 'The stories of the unseen shape history.'","'Behind every great institution are ordinary people doing extraordinary things.' | 'History is made in quiet corners as much as grand halls.'"
281531,bringing-words-to-life-robust-vocabulary-instruction,364976,Isabel L. Beck,"Transform vocabulary teaching with proven strategies and engaging methods.","Learn how to make vocabulary instruction impactful and meaningful for all students.","<p>'Bringing Words to Life' by Isabel L. Beck is a definitive guide to vocabulary instruction. The book provides educators with research-based strategies for teaching vocabulary in ways that are both effective and engaging.</p><p>Beck emphasizes the importance of robust vocabulary for literacy and learning, offering practical activities and examples that can be adapted across grade levels. The book highlights how to select words, foster word consciousness, and integrate vocabulary into various subjects.</p><p>This essential resource empowers teachers to inspire a love for language in their students, building skills that will benefit them throughout their lives.</p><p>'Bringing Words to Life' is a must-have for educators aiming to enrich their teaching methods and enhance student outcomes.</p>","Isabel L. Beck is an educational researcher and professor, known for her work in reading comprehension and vocabulary instruction.","Research-based strategies | Engaging vocabulary activities | Lifelong literacy benefits.","Teachers, educators, and literacy specialists.","Educational, practical, and inspiring.","Select impactful vocabulary words | Foster word consciousness in students | Integrate vocabulary into daily lessons.","Combines research with actionable teaching techniques.","Education, Literacy, Vocabulary, Teaching Strategies, Reading Comprehension","'Words are the building blocks of understanding.' | 'Engaging vocabulary teaching unlocks student potential.'","'Great teaching starts with curiosity and ends with discovery.' | 'Language is the key to lifelong learning.'"
282297,releasing-the-imagination-essays-on-education-the-arts-and-social-change,365742,Maxine Greene,"Inspiring transformative education through creativity and critical thinking.","Explore the intersection of imagination, education, and social justice.","<p>'Releasing the Imagination' by Maxine Greene is a collection of essays that advocate for the transformative power of creativity in education. Greene explores how the arts can foster critical thinking, empathy, and social change.</p><p>Through her thought-provoking writing, she challenges educators to go beyond traditional methods, inspiring students to see the world through new perspectives. The book bridges theory and practice, emphasizing the role of imagination in creating a more equitable society.</p><p>This work is a powerful call to action for educators, artists, and activists to embrace creativity as a tool for change.</p><p>'Releasing the Imagination' is a must-read for those passionate about making education meaningful and impactful.</p>","Maxine Greene (1917–2014) was an educational philosopher and advocate for arts in learning, known for her emphasis on imagination and creativity.","Imagination in education | Art as a tool for change | Building empathy through creativity.","Educators, artists, and activists.","Philosophical, inspiring, and visionary.","Incorporate art into lessons | Encourage critical thinking | Use creativity to address social issues.","A compelling blend of education theory and practical inspiration.","Education, Creativity, Social Justice, Arts, Imagination","'Imagination is the beginning of empathy and change.' | 'Education must ignite curiosity, not extinguish it.'","'The arts are the heart of a humane education.' | 'Change begins when we see the world differently.'"
301116,because-of-an-acorn,384561,Lola M. Schaefer,"A simple acorn connects us to the circle of life.","Discover how one small seed impacts an entire ecosystem.","<p>'Because of an Acorn' by Lola M. Schaefer is a beautifully illustrated children’s book that introduces young readers to the interconnectedness of nature. The story follows the life cycle of an acorn, showing how it grows into a tree that supports wildlife and sustains the environment.</p><p>The book’s lyrical text and vibrant illustrations make it an engaging read for children while subtly teaching ecological concepts. Schaefer’s narrative emphasizes the importance of conservation and the role every living thing plays in the ecosystem.</p><p>'Because of an Acorn' is perfect for parents and educators looking to instill a love for nature in children.</p><p>This book is a celebration of life’s small wonders and the big impact they can have on the world.</p>","Lola M. Schaefer is an award-winning children’s author, known for her engaging and educational stories about nature and science.","Life cycles in nature | Interdependence of ecosystems | Conservation and environmental awareness.","Young readers, parents, and educators.","Lyrical, educational, and visually captivating.","Teach kids about ecosystems | Foster a love for nature | Highlight the importance of conservation.","A beautifully simple yet profound lesson in ecology.","Children’s Literature, Nature, Ecology, Conservation, Life Cycles","'Every acorn holds the promise of a forest.' | 'Nature’s smallest parts create its grandest symphony.'","'Children are natural stewards of the earth.' | 'The stories we tell shape the world we leave behind.'"
307158,encyclopedia-of-things-that-never-were-creatures-places-and-people,390603,Michael F. Page,"Explore a fantastical world of myths, legends, and imagination.","Dive into an encyclopedia of imaginary creatures, places, and myths.","<p>'Encyclopedia of Things That Never Were' by Michael F. Page is a delightful compendium of mythical creatures, fantastical places, and imaginative legends. This book explores the wonders of folklore, literature, and mythology, offering vivid descriptions and rich illustrations.</p><p>From ancient myths to modern fiction, Page captures the essence of the unreal in a way that sparks curiosity and wonder. The entries provide fascinating insights into the origins and cultural significance of these fantastical elements.</p><p>Perfect for fans of mythology, fantasy, and storytelling, this encyclopedia is a treasure trove of creativity and inspiration.</p><p>'Encyclopedia of Things That Never Were' is a must-have for anyone who loves exploring the boundaries of imagination.</p>","Michael F. Page is a writer and editor with a passion for mythology, folklore, and the fantastical.","Exploring folklore and myths | Celebrating creative imagination | Delving into cultural storytelling.","Fans of mythology, fantasy enthusiasts, and storytellers.","Whimsical, engaging, and richly descriptive.","Explore cultural myths | Use folklore in storytelling | Spark creative imagination.","A comprehensive guide to the mythical and imaginary.","Mythology, Folklore, Fantasy, Imagination, Storytelling","'Myths are the mirrors of human dreams.' | 'Imagination bridges the gap between reality and possibility.'","'Creativity thrives in the realm of the impossible.' | 'Stories shape how we perceive the world.'"
279547,how-highly-effective-people-speak-how-high-performers-use-psychology-to-influence-with-ease,362992,Peter Andrei,"Unlock the secrets of impactful communication and influence.","Master the art of speaking with confidence and persuasion.","<p>'How Highly Effective People Speak' by Peter Andrei is a practical guide to mastering communication skills for professional and personal success. Drawing on psychological principles, the book offers strategies to improve clarity, persuasion, and influence in conversations.</p><p>Andrei provides actionable tips on crafting compelling messages, understanding audience psychology, and navigating challenging dialogues. Whether you’re presenting in a meeting or negotiating a deal, this book equips you with the tools to speak effectively.</p><p>Perfect for leaders, professionals, and anyone looking to refine their speaking abilities, this guide is both insightful and transformative.</p><p>'How Highly Effective People Speak' empowers readers to build confidence and make an impact through the power of words.</p>","Peter Andrei is a communication expert and author, dedicated to helping individuals harness the power of effective speaking.","Psychology of communication | Crafting persuasive messages | Building confidence in speech.","Professionals, leaders, and anyone seeking better communication skills.","Practical, empowering, and insightful.","Craft clear and concise messages | Leverage audience psychology | Overcome speaking anxiety.","Combines psychology and practical techniques for speaking excellence.","Communication, Leadership, Public Speaking, Influence, Psychology","'Words are the currency of influence.' | 'Great speakers don’t just talk; they inspire action.'","'Effective communication starts with understanding your audience.' | 'Confidence is the foundation of powerful speech.'"
287047,sex-ecology-spirituality-the-spirit-of-evolution,368011,Ken Wilber,"A profound exploration of humanity’s spiritual and ecological evolution.","Discover the interconnectedness of life through spirituality, science, and philosophy.","<p>'Sex, Ecology, Spirituality' by Ken Wilber is a groundbreaking work that examines the evolution of human consciousness through the lens of spirituality, ecology, and philosophy. Wilber presents his Integral Theory, which integrates science and spirituality to explain the interconnectedness of all life.</p><p>The book explores how evolution shapes not only biology but also culture and consciousness, offering a holistic view of humanity’s place in the universe. Wilber’s insights are both profound and accessible, making complex ideas relatable.</p><p>This is a must-read for anyone seeking a deeper understanding of the relationship between the natural world and spiritual growth.</p><p>'Sex, Ecology, Spirituality' challenges readers to think expansively and embrace a more integrated perspective on life and evolution.</p>","Ken Wilber is a philosopher and writer, best known for his Integral Theory, which bridges science and spirituality.","Integral Theory of evolution | Interconnectedness of life | Bridging science and spirituality.","Philosophy enthusiasts, spiritual seekers, and environmentalists.","Profound, thought-provoking, and visionary.","Reflect on humanity’s role in evolution | Embrace ecological responsibility | Integrate science and spirituality in daily life.","A unifying framework that connects spirituality, ecology, and human evolution.","Philosophy, Spirituality, Ecology, Consciousness, Evolution","'Evolution is the story of spirit awakening to itself.' | 'Life thrives in the interconnected web of existence.'","'Integration is the path to understanding complexity.' | 'Consciousness is the universe reflecting on itself.'"
311526,a-rogue-by-any-other-name,394898,Sarah MacLean,"A scandalous romance filled with wit and passion.","Step into the world of the Fallen Angels with this delightful Regency romance.","<p>'A Rogue by Any Other Name' by Sarah MacLean is a charming tale of redemption, love, and second chances. Michael Bourne, a notorious rogue, reclaims his lost inheritance and finds an unexpected match in Penelope Marbury.</p><p>Set against the backdrop of Regency England, the story is filled with witty banter, emotional depth, and steamy romance. MacLean masterfully crafts characters who grow and challenge each other, making this a standout in the genre.</p><p>This novel is perfect for fans of historical romance who enjoy a blend of humor, heart, and drama.</p><p>'A Rogue by Any Other Name' is a captivating start to the Fallen Angels series, leaving readers eager for more.</p>","Sarah MacLean is a New York Times bestselling author, celebrated for her witty and passionate historical romances.","Love and redemption | Witty and strong characters | Regency-era charm and drama.","Fans of historical romance and character-driven stories.","Witty, romantic, and emotionally engaging.","Balance love and independence | Reflect on redemption and forgiveness | Embrace vulnerability in relationships.","A delightful mix of humor, drama, and Regency romance.","Historical Romance, Regency Era, Love, Redemption, Wit","'Love is a risk worth taking.' | 'Every rogue has a heart waiting to be found.'","'Romance is about connection, not perfection.' | 'Strong heroines make unforgettable stories.'"
306446,once-a-mouse,378805,Marcia Brown,"A timeless fable of transformation and humility.","Witness the magic of storytelling in this award-winning classic.","<p>'Once a Mouse' by Marcia Brown is a beautifully illustrated fable based on an Indian folk tale. The story follows a hermit who uses magic to transform a timid mouse into powerful animals to protect it from danger. However, the mouse’s growing pride leads to an unexpected lesson in humility.</p><p>Brown’s stunning woodcut illustrations bring the tale to life, making it an engaging read for children and adults alike. The book emphasizes themes of gratitude, humility, and the consequences of arrogance.</p><p>'Once a Mouse' is an enduring classic that combines moral lessons with artistic beauty, making it a must-read for families and educators.</p>","Marcia Brown (1918–2015) was a renowned author and illustrator, honored with multiple Caldecott Medals for her contributions to children’s literature.","Transformation and humility | The dangers of arrogance | Timeless moral lessons.","Young readers, parents, and educators.","Lyrical, engaging, and visually stunning.","Foster gratitude and humility | Reflect on personal growth | Appreciate cultural storytelling.","A classic fable brought to life with exquisite illustrations.","Children’s Literature, Fables, Transformation, Humility, Indian Folk Tales","'Pride comes before a fall.' | 'Humility is the foundation of greatness.'","'Stories shape young minds.' | 'Illustrations bring words to life in magical ways.'"
288325,sergio-sees-the-good-the-story-of-a-not-so-bad-day,371770,Linda Ryden,"Teaching empathy through a relatable and heartwarming story.","Follow Sergio as he learns to find the good in every situation.","<p>'Sergio Sees the Good' by Linda Ryden is an engaging children’s story that highlights the importance of empathy and positive thinking. The book follows Sergio, a young boy navigating a day filled with challenges, as he discovers how to focus on the good around him.</p><p>Through relatable scenarios and thoughtful lessons, Ryden helps children understand emotional resilience and the value of kindness. The book’s illustrations complement its heartfelt message, making it an appealing read for young audiences.</p><p>This story is perfect for parents and educators looking to instill positive values in children in an accessible and enjoyable way.</p><p>'Sergio Sees the Good' is more than a book—it’s a guide to nurturing emotional intelligence in children.</p>","Linda Ryden is an educator and author, passionate about teaching mindfulness, empathy, and emotional resilience to children.","Empathy and kindness | Positive thinking in challenges | Building emotional resilience.","Young readers, parents, and educators.","Heartwarming, relatable, and inspiring.","Teach children to focus on positives | Foster empathy through stories | Build emotional resilience early.","A relatable story that teaches empathy and optimism.","Children’s Literature, Empathy, Emotional Resilience, Mindfulness, Positivity","'Every challenge holds a silver lining.' | 'Kindness begins with seeing the good in others.'","'Children are the architects of a kinder future.' | 'Stories build bridges of understanding.'"
305990,architecture-now-vol-6,389435,JODIDIO,"A global tour of cutting-edge architecture and design.","Discover groundbreaking designs shaping the future of architecture.","<p>'Architecture Now! Vol. 6' by Jodidio showcases innovative and influential architectural projects from around the world. The book features works by renowned architects alongside emerging talents, highlighting the diversity and creativity of contemporary design.</p><p>Through stunning photography and insightful commentary, Jodidio explores how architecture addresses modern challenges, from sustainability to urbanization. The book is both an inspiration and a reference for professionals and enthusiasts alike.</p><p>Perfect for architects, designers, and lovers of great buildings, 'Architecture Now! Vol. 6' is a celebration of the artistry and ingenuity driving the field forward.</p><p>This volume is a must-have for anyone passionate about the built environment and its future possibilities.</p>","Philip Jodidio is a renowned architecture writer, celebrated for his ability to document innovative and impactful designs.","Showcasing global talent | Exploring sustainable design | Celebrating architectural innovation.","Architects, designers, and architecture enthusiasts.","Visual, insightful, and forward-thinking.","Explore global architectural trends | Reflect on sustainable solutions | Get inspired by innovative designs.","A curated showcase of cutting-edge architecture.","Architecture, Design, Sustainability, Innovation, Global Trends","'Architecture is the art of possibility.' | 'Buildings tell the story of their time.'","'Innovation thrives where creativity meets purpose.' | 'Sustainability is the cornerstone of modern design.'"
315965,thrawn-alliances,398580,Timothy Zahn,"A thrilling Star Wars adventure of strategy and loyalty.","Witness the unlikely alliance between Thrawn and Darth Vader in this gripping tale.","<p>'Thrawn: Alliances' by Timothy Zahn takes readers deep into the Star Wars universe, exploring the uneasy partnership between Grand Admiral Thrawn and Darth Vader. Tasked with a critical mission, the two must set aside their differences to confront a common threat.</p><p>Zahn masterfully delves into the characters’ minds, offering a blend of military strategy, political intrigue, and personal conflict. The story alternates between past and present, adding layers of complexity and suspense.</p><p>This novel is a must-read for Star Wars fans, providing insights into two iconic figures while delivering a fast-paced and thrilling adventure.</p><p>'Thrawn: Alliances' is a perfect mix of action, intellect, and character exploration that enriches the Star Wars saga.</p>","Timothy Zahn is a science fiction author best known for his Star Wars novels, particularly those centered on Grand Admiral Thrawn.","Complex character dynamics | Strategic military intrigue | Expanding the Star Wars universe.","Star Wars fans, sci-fi enthusiasts, and action-adventure readers.","Suspenseful, intelligent, and action-packed.","Learn from Thrawn’s strategic thinking | Reflect on loyalty and conflict | Appreciate character-driven storytelling.","A deep dive into the psyche of Star Wars’ most intriguing characters.","Science Fiction, Star Wars, Military Strategy, Character Study, Adventure","'Victory comes to those who plan for every possibility.' | 'Even the strongest alliances can be tested by mistrust.'","'Storytelling is about revealing the unexpected.' | 'Great characters are built on their flaws and strengths.'"
321457,5-very-good-reasons-to-punch-a-dolphin-in-the-mouth-and-other-useful-guides,404726,Matthew Inman,"A laugh-out-loud guide to life’s oddities and quirks.","Explore life’s absurdities through Matthew Inman’s hilarious illustrations and insights.","<p>'5 Very Good Reasons to Punch a Dolphin in the Mouth' by Matthew Inman is a comedic masterpiece that tackles life’s quirks with wit and irreverence. Through laugh-out-loud illustrations and commentary, Inman provides a satirical take on topics ranging from relationships to technology.</p><p>The book’s humor is sharp and unapologetic, making it a perfect escape for readers seeking lighthearted entertainment. Inman’s unique perspective and artistic style bring everyday absurdities to life.</p><p>This book is ideal for fans of The Oatmeal and anyone looking to find humor in life’s chaos.</p><p>'5 Very Good Reasons' is a celebration of the weird, wonderful, and utterly ridiculous aspects of the human experience.</p>","Matthew Inman is the creator of The Oatmeal, known for his humorous comics and unique storytelling style.","Humor and absurdity | Satirical take on modern life | Vibrant and witty illustrations.","Fans of humor, comics, and The Oatmeal.","Hilarious, irreverent, and visually engaging.","Find humor in life’s oddities | Appreciate creative satire | Laugh at the absurdities of modern life.","A brilliantly illustrated satire on life’s quirks.","Humor, Satire, Comics, Modern Life, Pop Culture","'Laughter is the best response to absurdity.' | 'Sometimes life just needs a punchline.'","'Comedy is about seeing the world differently.' | 'The weird makes life worth living.'"
301342,the-holistic-orchard-tree-fruits-and-berries-the-biological-way,384787,Michael Phillips,"Revolutionize your orchard with holistic and sustainable practices.","Learn the art of growing fruit naturally and effectively.","<p>'The Holistic Orchard' by Michael Phillips is a comprehensive guide to growing fruit trees and berries using sustainable and organic methods. The book covers everything from soil health and pest management to pruning and harvesting, providing a holistic approach to orchard care.</p><p>Phillips emphasizes the importance of understanding the natural ecosystem and working with nature to achieve long-term success. His insights are both practical and inspiring, making this book a valuable resource for novice and experienced growers alike.</p><p>Whether you’re starting a backyard orchard or managing a larger operation, 'The Holistic Orchard' equips you with the knowledge and tools to cultivate thriving, healthy fruit plants.</p><p>This book is a must-have for anyone passionate about sustainable agriculture and home gardening.</p>","Michael Phillips is a farmer and author, known for his expertise in organic orchard management and sustainable agriculture.","Sustainable orchard practices | Emphasizing ecosystem balance | Practical advice for fruit growers.","Gardeners, farmers, and sustainable agriculture enthusiasts.","Practical, inspiring, and eco-conscious.","Focus on soil health | Manage pests naturally | Embrace organic techniques.","A comprehensive guide to sustainable orchard management.","Gardening, Agriculture, Sustainability, Organic Farming, Orchard Care","'Healthy soil is the foundation of a thriving orchard.' | 'Nature knows best when we learn to listen.'","'Sustainability starts with understanding ecosystems.' | 'Farming is both an art and a science.'"
288648,the-way-out-a-revolutionary-scientifically-proven-approach-to-healing-chronic-pain,372093,Alan Gordon,"A groundbreaking approach to understanding and healing chronic pain.","Discover the science behind pain and how to rewire your brain for relief.","<p>'The Way Out' by Alan Gordon presents a revolutionary, science-backed approach to treating chronic pain by retraining the brain. Gordon explains how pain is often perpetuated by neural pathways rather than physical injury, and offers practical techniques to break this cycle.</p><p>Using relatable examples and step-by-step instructions, the book empowers readers to understand their pain, reduce fear around it, and regain control of their lives. Gordon combines neuroscience with compassion, making his approach accessible and effective.</p><p>This book is ideal for anyone suffering from chronic pain or seeking a deeper understanding of the mind-body connection.</p><p>'The Way Out' is a hopeful, practical guide that redefines how we approach pain and healing.</p>","Alan Gordon is a psychotherapist and author specializing in pain psychology, with expertise in using mind-body techniques to treat chronic conditions.","Understanding pain as neural pathways | Techniques to rewire the brain | Emphasizing the mind-body connection.","Chronic pain sufferers, healthcare professionals, and anyone interested in pain science.","Compassionate, practical, and empowering.","Identify neural patterns linked to pain | Practice fear-reducing techniques | Embrace the mind-body connection.","A neuroscience-driven guide to pain relief that fosters hope and empowerment.","Health, Chronic Pain, Neuroscience, Mind-Body Connection, Healing","'Pain is real, but its causes aren’t always physical.' | 'Your brain can be retrained to turn pain off.'","'Healing starts with understanding.' | 'The brain’s power is the key to overcoming chronic pain.'"
313371,shroud-for-a-nightingale,396047,P.D. James,"A chilling murder mystery set in a nursing school.","Dive into a dark tale of secrets, lies, and suspense.","<p>'Shroud for a Nightingale' by P.D. James is a gripping mystery that takes readers into the shadowy world of a nursing school. When two students die under suspicious circumstances, Adam Dalgliesh is called in to unravel a web of secrets and deceit.</p><p>James masterfully combines atmospheric writing with intricate plotting, creating a story that keeps readers guessing until the final page. The characters are deeply flawed yet compelling, adding layers of complexity to the narrative.</p><p>This novel is a standout in the crime fiction genre, blending psychological depth with classic whodunit elements.</p><p>'Shroud for a Nightingale' is a must-read for fans of suspenseful and thought-provoking mysteries.</p>","P.D. James (1920–2014) was a celebrated British author known for her intricate and atmospheric crime novels.","Atmospheric mystery setting | Complex character dynamics | Intricate and suspenseful plotting.","Fans of crime fiction, mystery lovers, and psychological thrillers.","Dark, suspenseful, and intricately plotted.","Uncover hidden motives | Analyze flawed characters | Appreciate atmospheric storytelling.","A classic whodunit with psychological depth.","Mystery, Crime Fiction, Suspense, Adam Dalgliesh, Psychological Drama","'Secrets fester where shadows linger.' | 'Every crime leaves a trail of human truths.'","'Mysteries reveal more about people than puzzles.' | 'Atmosphere is the soul of great crime fiction.'"
287241,the-holy-wild-a-heathen-bible-for-the-untamed-woman,370686,Danielle Dulsky,"A radical call to reclaim the sacred and wild feminine.","Discover a spiritual path rooted in nature, myth, and feminine power.","<p>'The Holy Wild' by Danielle Dulsky is a powerful manifesto for women seeking to reclaim their connection to nature, mythology, and spiritual autonomy. Through rituals, stories, and practices, Dulsky invites readers to embrace their wild and untamed selves.</p><p>The book explores themes of empowerment, healing, and connection to the natural world, offering practical tools for spiritual growth and self-discovery. Dulsky’s lyrical prose and evocative storytelling create an immersive experience.</p><p>This book is perfect for women on a spiritual journey or anyone drawn to the intersection of feminism and nature-based spirituality.</p><p>'The Holy Wild' is a transformative guide to living authentically and fiercely in alignment with the sacred feminine.</p>","Danielle Dulsky is a writer, poet, and spiritual teacher known for her work in feminine spirituality and mythic storytelling.","Feminine empowerment through nature | Embracing myth and ritual | Healing through spiritual connection.","Women on a spiritual journey, nature lovers, and feminists.","Empowering, lyrical, and evocative.","Practice nature-based rituals | Explore personal myths | Reclaim spiritual autonomy.","A blend of feminism, spirituality, and nature’s wisdom.","Spirituality, Feminism, Mythology, Nature, Healing, Empowerment","'The wild is not lost; it lives within you.' | 'Feminine power is the root of transformation.'","'Rituals are the poetry of the soul.' | 'Myth is where truth meets mystery.'"
298290,the-layover,381735,Lacie Waldon,"A lighthearted romance of unexpected connections and second chances.","Two travelers find love and adventure during an unexpected layover.","<p>'The Layover' by Lacie Waldon is a delightful romantic comedy that follows Ava, a flight attendant on her final trip, and Jack, a charming yet infuriating pilot. When an unexpected layover strands them together, sparks fly as they navigate misadventures and rediscover what truly matters.</p><p>Waldon’s witty dialogue and relatable characters make this novel a fun and heartwarming escape. The tropical setting adds an extra layer of charm, perfect for readers craving a light and feel-good story.</p><p>'The Layover' explores themes of letting go, embracing change, and finding love in unexpected places.</p><p>This is an ideal read for romance fans and anyone seeking a sunny, uplifting tale.</p>","Lacie Waldon is a writer and former flight attendant, known for her humorous and heartfelt contemporary romances.","Unexpected romance during travel | Personal growth and second chances | Witty and charming dialogue.","Fans of romantic comedies, lighthearted fiction, and travel enthusiasts.","Lighthearted, witty, and romantic.","Embrace change with optimism | Discover love in unexpected places | Let go of past baggage.","A perfect blend of humor, romance, and travel adventure.","Romance, Comedy, Travel, Love, Personal Growth","'Sometimes the journey matters more than the destination.' | 'Love often comes when you least expect it.'","'Romantic comedies are about finding joy in chaos.' | 'Traveling opens hearts and minds.'"
305911,architect-verb-the-new-language-of-building,388514,Reinier de Graaf,"A fresh perspective on the evolution of architecture.","Rethink the role of architects in shaping modern cities and societies.","<p>'Architect, Verb' by Reinier de Graaf challenges traditional notions of architecture, presenting it as an active process rather than a static art. The book explores how architects engage with politics, economics, and culture to shape the built environment.</p><p>De Graaf’s critical insights highlight the complexities of modern architecture, from urban planning to sustainability. Through compelling examples, he invites readers to consider architecture’s impact on society and its future potential.</p><p>This book is essential for architects, urban planners, and anyone curious about the role of design in a changing world.</p><p>'Architect, Verb' is a thought-provoking exploration of architecture as a dynamic and transformative force.</p>","Reinier de Graaf is an architect and urban planner, celebrated for his critical writings and innovative projects.","Architecture as process | Intersections with politics and culture | Redefining the architect’s role.","Architects, urban planners, and design enthusiasts.","Critical, insightful, and forward-thinking.","Engage with architecture’s social role | Reflect on sustainability in design | Embrace innovation in urban planning.","A dynamic redefinition of architecture’s purpose.","Architecture, Urban Planning, Politics, Design, Sustainability","'Architecture is not a noun; it’s a verb.' | 'Design shapes how we live and connect.'","'The future of cities lies in adaptability.' | 'Architecture is society’s most visible mirror.'"
315982,alienated,399120,Melissa Landers,"An out-of-this-world romance filled with humor and intrigue.","A human girl and an alien exchange student navigate love and cultural differences.","<p>'Alienated' by Melissa Landers is a delightful blend of science fiction and romance. Cara Sweeney, a high school overachiever, is paired with Aelyx, a brooding alien exchange student, as part of an intergalactic program to foster peace.</p><p>Their unlikely connection blossoms amid misunderstandings, cultural clashes, and growing tension between humans and aliens. Landers expertly balances humor, heartfelt moments, and suspense, creating a story that captivates from start to finish.</p><p>With its fresh take on star-crossed lovers, 'Alienated' is perfect for readers seeking romance with a sci-fi twist.</p><p>This novel is a fun, thought-provoking exploration of love, acceptance, and understanding across worlds.</p>","Melissa Landers is an author known for her engaging young adult novels that combine romance, humor, and speculative fiction.","Star-crossed love story | Humor in cultural clashes | Sci-fi with a human touch.","Young adult readers, sci-fi fans, and romance enthusiasts.","Lighthearted, witty, and adventurous.","Embrace differences in relationships | Balance humor with empathy | Reflect on global (or galactic) unity.","A unique love story bridging worlds with humor and heart.","Young Adult, Science Fiction, Romance, Cultural Differences, Humor","'Love doesn’t need translation.' | 'Understanding begins with listening.'","'Stories of connection bridge worlds.' | 'Every great love story starts with an open mind.'"
314719,tales-from-the-shadowhunter-academy,394740,Cassandra Clare,"Enter a world of magic, adventure, and self-discovery.","Follow Simon Lewis as he trains to become a Shadowhunter in this thrilling anthology.","<p>'Tales from the Shadowhunter Academy' by Cassandra Clare is a collection of short stories chronicling Simon Lewis’s journey from mundane to Shadowhunter. Each tale explores themes of friendship, bravery, and identity, blending humor with gripping action.</p><p>The anthology features beloved characters from Clare’s Shadowhunter universe, offering fresh perspectives and backstories while expanding the world’s lore.</p><p>Perfect for fans of urban fantasy and the Shadowhunter series, these stories are a mix of adventure and emotional depth that will keep readers enthralled.</p><p>'Tales from the Shadowhunter Academy' is a captivating addition to the series, packed with magic and heart.</p>","Cassandra Clare is a bestselling author known for her immersive urban fantasy series, including The Mortal Instruments.","Shadowhunter lore expansion | Friendship and bravery themes | Balancing humor with adventure.","Fans of urban fantasy and the Shadowhunter universe.","Magical, adventurous, and emotionally engaging.","Embrace bravery in new challenges | Value friendships and loyalty | Explore lore for deeper connections.","An anthology adding depth and lore to a beloved fantasy universe.","Fantasy, Urban Fantasy, Magic, Adventure, Shadowhunters","'Bravery is choosing to face your fears.' | 'Friendship is the heart of every great story.'","'Magic is the canvas for exploring human truths.' | 'The best tales leave room for new adventures.'"
317349,allegedly,396510,Tiffany D. Jackson,"A gripping and thought-provoking tale of truth and justice.","Unravel the mystery of a girl accused of a shocking crime in this intense novel.","<p>'Allegedly' by Tiffany D. Jackson is a heart-wrenching and suspenseful story about Mary, a teenager navigating the fallout of being accused of a horrifying crime as a child. As new revelations emerge, Mary must fight to prove her innocence while grappling with systemic injustices and personal trauma.</p><p>Jackson’s powerful writing brings depth to complex characters, exploring themes of race, mental health, and societal bias. The twists and emotional stakes make this novel a compelling and unforgettable read.</p><p>'Allegedly' challenges readers to question perceptions of truth and justice, offering a raw and realistic portrayal of resilience in the face of adversity.</p><p>This book is perfect for fans of contemporary fiction and suspenseful, thought-provoking stories.</p>","Tiffany D. Jackson is an acclaimed author known for her powerful, character-driven novels that tackle social issues with nuance.","Exploring systemic injustice | Complex character development | Themes of resilience and truth.","Fans of contemporary fiction, suspense, and social justice narratives.","Intense, raw, and thought-provoking.","Question perceptions of truth | Reflect on systemic biases | Appreciate resilience in adversity.","A suspenseful story blending social critique with emotional depth.","Contemporary Fiction, Social Justice, Mystery, Resilience, Mental Health","'Truth is not always what it seems.' | 'Strength comes from facing the unthinkable.'","'Stories shine light on unseen struggles.' | 'Fiction is the mirror of society’s truths.'"
322000,themes-and-variations,366067,David Sedaris,"Witty and insightful musings on the absurdities of everyday life.","Experience David Sedaris’s trademark humor in this captivating essay collection.","<p>'Themes and Variations' by David Sedaris is a brilliant essay collection that captures the humor and quirks of modern life. Sedaris’s sharp wit and keen observations make even the mundane hilariously entertaining, as he reflects on topics ranging from family dynamics to cultural idiosyncrasies.</p><p>With a mix of self-deprecation and poignant moments, Sedaris’s essays offer both laughter and introspection. His unique voice resonates deeply, making this book a delightful read for fans of humor and memoirs.</p><p>Perfect for anyone looking to find joy and absurdity in life’s chaos, 'Themes and Variations' is a testament to Sedaris’s talent for turning the ordinary into extraordinary stories.</p>","David Sedaris is a bestselling author and humorist, celebrated for his witty and self-reflective essays about life and culture.","Sharp humor and wit | Reflecting on modern absurdities | Insightful storytelling.","Fans of humor, memoirs, and observational writing.","Witty, reflective, and entertaining.","Find humor in everyday life | Embrace imperfections with grace | Laugh at modern absurdities.","A masterful blend of humor and heart in essay form.","Humor, Essays, Memoirs, Modern Life, Family Dynamics","'The absurd is where humor lives.' | 'Laughter is the cure for life’s chaos.'","'Stories reveal the humor in humanity.' | 'Great essays are truths told playfully.'"
297847,becoming-odyssa-adventures-on-the-appalachian-trail,381292,Jennifer Pharr Davis,"An inspiring journey of self-discovery on the Appalachian Trail.","Follow Jennifer Pharr Davis’s transformation during her trek along the iconic trail.","<p>'Becoming Odyssa' by Jennifer Pharr Davis is a captivating memoir that chronicles her experiences hiking the Appalachian Trail. As she faces physical challenges, solitude, and unexpected kindness from strangers, Davis undergoes a profound transformation.</p><p>The book captures the beauty of the trail while exploring themes of perseverance, self-reliance, and connection to nature. Davis’s vivid storytelling brings the journey to life, inspiring readers to reflect on their own paths of growth and adventure.</p><p>This memoir is perfect for adventurers, nature lovers, and anyone seeking an uplifting tale of resilience and discovery.</p><p>'Becoming Odyssa' is a celebration of the human spirit and the power of nature to heal and transform.</p>","Jennifer Pharr Davis is a long-distance hiker, speaker, and author, known for her record-setting hikes and inspiring stories.","Adventure and self-discovery | Connection to nature | Perseverance in the face of challenges.","Adventurers, nature lovers, and memoir enthusiasts.","Inspirational, vivid, and reflective.","Embrace challenges for growth | Find healing in nature | Build resilience through perseverance.","A moving memoir blending adventure with personal growth.","Memoir, Adventure, Nature, Appalachian Trail, Resilience","'The trail teaches you who you are.' | 'Growth begins where comfort ends.'","'Nature is the ultimate teacher.' | 'Adventure is where healing begins.'"
