id,title slug,author slug,headline,teaser,description,author_bio,book_quotes,author_quotes,concept,audience,tone,ideas,usp
303443,seeing-ourselves-women-s-self-portraits,frances-borzello,Seeing Ourselves Women S Self Portraits: A Masterpiece by Frances Borzello,"Seeing Ourselves Women S Self Portraits by Frances Borzello takes you on a journey through unique perspectives, exploring themes of identity, growth, and transformation.","<p><strong>Seeing Ourselves Women S Self Portraits</strong> offers an in-depth exploration of its central theme, crafted masterfully by Frances Borzello. This book combines engaging storytelling with profound insights, making it a must-read for its genre.</p><p>Whether you're seeking inspiration, knowledge, or entertainment, <strong>Seeing Ourselves Women S Self Portraits</strong> delivers it all with unmatched depth and creativity.</p>",Frances Borzello is an acclaimed writer known for their insightful works and exceptional storytelling.,Discover the heart of Seeing Ourselves Women S Self Portraits.|Each page of Seeing Ourselves Women S Self Portraits brings new insights.|A journey into the profound.|Let Seeing Ourselves Women S Self Portraits inspire you.|Uncover wisdom with Frances Borzello.,Frances Borzello shares the world through words.|Explore the mind of Frances Borzello.|Words that inspire and enlighten.|Dive into the creative brilliance of Frances Borzello.,Exploration of themes in Seeing Ourselves Women S Self Portraits.|Insights crafted by Frances Borzello.|A blend of storytelling and knowledge.,Readers who enjoy thoughtful and engaging narratives by Frances Borzello.,Insightful and engaging.,Learn from Seeing Ourselves Women S Self Portraits's wisdom.|Apply lessons from Frances Borzello.|Transform your perspective with this book.,"Seeing Ourselves Women S Self Portraits stands out for its unique approach to storytelling and insights, brought to life by Frances Borzello."
307294,old-indian-legends,zitkala-sa,Old Indian Legends: A Masterpiece by Zitkala Sa,"Old Indian Legends by Zitkala Sa takes you on a journey through unique perspectives, exploring themes of identity, growth, and transformation.","<p><strong>Old Indian Legends</strong> offers an in-depth exploration of its central theme, crafted masterfully by Zitkala Sa. This book combines engaging storytelling with profound insights, making it a must-read for its genre.</p><p>Whether you're seeking inspiration, knowledge, or entertainment, <strong>Old Indian Legends</strong> delivers it all with unmatched depth and creativity.</p>",Zitkala Sa is an acclaimed writer known for their insightful works and exceptional storytelling.,Discover the heart of Old Indian Legends.|Each page of Old Indian Legends brings new insights.|A journey into the profound.|Let Old Indian Legends inspire you.|Uncover wisdom with Zitkala Sa.,Zitkala Sa shares the world through words.|Explore the mind of Zitkala Sa.|Words that inspire and enlighten.|Dive into the creative brilliance of Zitkala Sa.,Exploration of themes in Old Indian Legends.|Insights crafted by Zitkala Sa.|A blend of storytelling and knowledge.,Readers who enjoy thoughtful and engaging narratives by Zitkala Sa.,Insightful and engaging.,Learn from Old Indian Legends's wisdom.|Apply lessons from Zitkala Sa.|Transform your perspective with this book.,"Old Indian Legends stands out for its unique approach to storytelling and insights, brought to life by Zitkala Sa."
279663,way-of-the-wolf-become-a-master-closer-with-straight-line-selling,jordan-belfort,Way Of The Wolf Become A Master Closer With Straight Line Selling: A Masterpiece by Jordan Belfort,"Way Of The Wolf Become A Master Closer With Straight Line Selling by Jordan Belfort takes you on a journey through unique perspectives, exploring themes of identity, growth, and transformation.","<p><strong>Way Of The Wolf Become A Master Closer With Straight Line Selling</strong> offers an in-depth exploration of its central theme, crafted masterfully by Jordan Belfort. This book combines engaging storytelling with profound insights, making it a must-read for its genre.</p><p>Whether you're seeking inspiration, knowledge, or entertainment, <strong>Way Of The Wolf Become A Master Closer With Straight Line Selling</strong> delivers it all with unmatched depth and creativity.</p>",Jordan Belfort is an acclaimed writer known for their insightful works and exceptional storytelling.,Discover the heart of Way Of The Wolf Become A Master Closer With Straight Line Selling.|Each page of Way Of The Wolf Become A Master Closer With Straight Line Selling brings new insights.|A journey into the profound.|Let Way Of The Wolf Become A Master Closer With Straight Line Selling inspire you.|Uncover wisdom with Jordan Belfort.,Jordan Belfort shares the world through words.|Explore the mind of Jordan Belfort.|Words that inspire and enlighten.|Dive into the creative brilliance of Jordan Belfort.,Exploration of themes in Way Of The Wolf Become A Master Closer With Straight Line Selling.|Insights crafted by Jordan Belfort.|A blend of storytelling and knowledge.,Readers who enjoy thoughtful and engaging narratives by Jordan Belfort.,Insightful and engaging.,Learn from Way Of The Wolf Become A Master Closer With Straight Line Selling's wisdom.|Apply lessons from Jordan Belfort.|Transform your perspective with this book.,"Way Of The Wolf Become A Master Closer With Straight Line Selling stands out for its unique approach to storytelling and insights, brought to life by Jordan Belfort."
298333,the-turk-who-loved-apples-and-other-tales-of-losing-my-way-around-the-world,matt-gross,The Turk Who Loved Apples And Other Tales Of Losing My Way Around The World: A Masterpiece by Matt Gross,"The Turk Who Loved Apples And Other Tales Of Losing My Way Around The World by Matt Gross takes you on a journey through unique perspectives, exploring themes of identity, growth, and transformation.","<p><strong>The Turk Who Loved Apples And Other Tales Of Losing My Way Around The World</strong> offers an in-depth exploration of its central theme, crafted masterfully by Matt Gross. This book combines engaging storytelling with profound insights, making it a must-read for its genre.</p><p>Whether you're seeking inspiration, knowledge, or entertainment, <strong>The Turk Who Loved Apples And Other Tales Of Losing My Way Around The World</strong> delivers it all with unmatched depth and creativity.</p>",Matt Gross is an acclaimed writer known for their insightful works and exceptional storytelling.,Discover the heart of The Turk Who Loved Apples And Other Tales Of Losing My Way Around The World.|Each page of The Turk Who Loved Apples And Other Tales Of Losing My Way Around The World brings new insights.|A journey into the profound.|Let The Turk Who Loved Apples And Other Tales Of Losing My Way Around The World inspire you.|Uncover wisdom with Matt Gross.,Matt Gross shares the world through words.|Explore the mind of Matt Gross.|Words that inspire and enlighten.|Dive into the creative brilliance of Matt Gross.,Exploration of themes in The Turk Who Loved Apples And Other Tales Of Losing My Way Around The World.|Insights crafted by Matt Gross.|A blend of storytelling and knowledge.,Readers who enjoy thoughtful and engaging narratives by Matt Gross.,Insightful and engaging.,Learn from The Turk Who Loved Apples And Other Tales Of Losing My Way Around The World's wisdom.|Apply lessons from Matt Gross.|Transform your perspective with this book.,"The Turk Who Loved Apples And Other Tales Of Losing My Way Around The World stands out for its unique approach to storytelling and insights, brought to life by Matt Gross."
297402,revolutionary-mothering-love-on-the-front-lines,alexis-pauline-gumbs,Revolutionary Mothering Love On The Front Lines: A Masterpiece by Alexis Pauline Gumbs,"Revolutionary Mothering Love On The Front Lines by Alexis Pauline Gumbs takes you on a journey through unique perspectives, exploring themes of identity, growth, and transformation.","<p><strong>Revolutionary Mothering Love On The Front Lines</strong> offers an in-depth exploration of its central theme, crafted masterfully by Alexis Pauline Gumbs. This book combines engaging storytelling with profound insights, making it a must-read for its genre.</p><p>Whether you're seeking inspiration, knowledge, or entertainment, <strong>Revolutionary Mothering Love On The Front Lines</strong> delivers it all with unmatched depth and creativity.</p>",Alexis Pauline Gumbs is an acclaimed writer known for their insightful works and exceptional storytelling.,Discover the heart of Revolutionary Mothering Love On The Front Lines.|Each page of Revolutionary Mothering Love On The Front Lines brings new insights.|A journey into the profound.|Let Revolutionary Mothering Love On The Front Lines inspire you.|Uncover wisdom with Alexis Pauline Gumbs.,Alexis Pauline Gumbs shares the world through words.|Explore the mind of Alexis Pauline Gumbs.|Words that inspire and enlighten.|Dive into the creative brilliance of Alexis Pauline Gumbs.,Exploration of themes in Revolutionary Mothering Love On The Front Lines.|Insights crafted by Alexis Pauline Gumbs.|A blend of storytelling and knowledge.,Readers who enjoy thoughtful and engaging narratives by Alexis Pauline Gumbs.,Insightful and engaging.,Learn from Revolutionary Mothering Love On The Front Lines's wisdom.|Apply lessons from Alexis Pauline Gumbs.|Transform your perspective with this book.,"Revolutionary Mothering Love On The Front Lines stands out for its unique approach to storytelling and insights, brought to life by Alexis Pauline Gumbs."
280452,group-genius-the-creative-power-of-collaboration,keith-sawyer,Group Genius The Creative Power Of Collaboration: A Masterpiece by Keith Sawyer,"Group Genius The Creative Power Of Collaboration by Keith Sawyer takes you on a journey through unique perspectives, exploring themes of identity, growth, and transformation.","<p><strong>Group Genius The Creative Power Of Collaboration</strong> offers an in-depth exploration of its central theme, crafted masterfully by Keith Sawyer. This book combines engaging storytelling with profound insights, making it a must-read for its genre.</p><p>Whether you're seeking inspiration, knowledge, or entertainment, <strong>Group Genius The Creative Power Of Collaboration</strong> delivers it all with unmatched depth and creativity.</p>",Keith Sawyer is an acclaimed writer known for their insightful works and exceptional storytelling.,Discover the heart of Group Genius The Creative Power Of Collaboration.|Each page of Group Genius The Creative Power Of Collaboration brings new insights.|A journey into the profound.|Let Group Genius The Creative Power Of Collaboration inspire you.|Uncover wisdom with Keith Sawyer.,Keith Sawyer shares the world through words.|Explore the mind of Keith Sawyer.|Words that inspire and enlighten.|Dive into the creative brilliance of Keith Sawyer.,Exploration of themes in Group Genius The Creative Power Of Collaboration.|Insights crafted by Keith Sawyer.|A blend of storytelling and knowledge.,Readers who enjoy thoughtful and engaging narratives by Keith Sawyer.,Insightful and engaging.,Learn from Group Genius The Creative Power Of Collaboration's wisdom.|Apply lessons from Keith Sawyer.|Transform your perspective with this book.,"Group Genius The Creative Power Of Collaboration stands out for its unique approach to storytelling and insights, brought to life by Keith Sawyer."
296665,the-book-of-new-family-traditions-how-to-create-great-rituals-for-holidays-and-every-day,meg-cox,The Book Of New Family Traditions How To Create Great Rituals For Holidays And Every Day: A Masterpiece by Meg Cox,"The Book Of New Family Traditions How To Create Great Rituals For Holidays And Every Day by Meg Cox takes you on a journey through unique perspectives, exploring themes of identity, growth, and transformation.","<p><strong>The Book Of New Family Traditions How To Create Great Rituals For Holidays And Every Day</strong> offers an in-depth exploration of its central theme, crafted masterfully by Meg Cox. This book combines engaging storytelling with profound insights, making it a must-read for its genre.</p><p>Whether you're seeking inspiration, knowledge, or entertainment, <strong>The Book Of New Family Traditions How To Create Great Rituals For Holidays And Every Day</strong> delivers it all with unmatched depth and creativity.</p>",Meg Cox is an acclaimed writer known for their insightful works and exceptional storytelling.,Discover the heart of The Book Of New Family Traditions How To Create Great Rituals For Holidays And Every Day.|Each page of The Book Of New Family Traditions How To Create Great Rituals For Holidays And Every Day brings new insights.|A journey into the profound.|Let The Book Of New Family Traditions How To Create Great Rituals For Holidays And Every Day inspire you.|Uncover wisdom with Meg Cox.,Meg Cox shares the world through words.|Explore the mind of Meg Cox.|Words that inspire and enlighten.|Dive into the creative brilliance of Meg Cox.,Exploration of themes in The Book Of New Family Traditions How To Create Great Rituals For Holidays And Every Day.|Insights crafted by Meg Cox.|A blend of storytelling and knowledge.,Readers who enjoy thoughtful and engaging narratives by Meg Cox.,Insightful and engaging.,Learn from The Book Of New Family Traditions How To Create Great Rituals For Holidays And Every Day's wisdom.|Apply lessons from Meg Cox.|Transform your perspective with this book.,"The Book Of New Family Traditions How To Create Great Rituals For Holidays And Every Day stands out for its unique approach to storytelling and insights, brought to life by Meg Cox."
283829,plato-complete-works,plato,Plato Complete Works: A Masterpiece by Plato,"Plato Complete Works by Plato takes you on a journey through unique perspectives, exploring themes of identity, growth, and transformation.","<p><strong>Plato Complete Works</strong> offers an in-depth exploration of its central theme, crafted masterfully by Plato. This book combines engaging storytelling with profound insights, making it a must-read for its genre.</p><p>Whether you're seeking inspiration, knowledge, or entertainment, <strong>Plato Complete Works</strong> delivers it all with unmatched depth and creativity.</p>",Plato is an acclaimed writer known for their insightful works and exceptional storytelling.,Discover the heart of Plato Complete Works.|Each page of Plato Complete Works brings new insights.|A journey into the profound.|Let Plato Complete Works inspire you.|Uncover wisdom with Plato.,Plato shares the world through words.|Explore the mind of Plato.|Words that inspire and enlighten.|Dive into the creative brilliance of Plato.,Exploration of themes in Plato Complete Works.|Insights crafted by Plato.|A blend of storytelling and knowledge.,Readers who enjoy thoughtful and engaging narratives by Plato.,Insightful and engaging.,Learn from Plato Complete Works's wisdom.|Apply lessons from Plato.|Transform your perspective with this book.,"Plato Complete Works stands out for its unique approach to storytelling and insights, brought to life by Plato."
307199,tam-lin,pamela-dean,Tam Lin: A Masterpiece by Pamela Dean,"Tam Lin by Pamela Dean takes you on a journey through unique perspectives, exploring themes of identity, growth, and transformation.","<p><strong>Tam Lin</strong> offers an in-depth exploration of its central theme, crafted masterfully by Pamela Dean. This book combines engaging storytelling with profound insights, making it a must-read for its genre.</p><p>Whether you're seeking inspiration, knowledge, or entertainment, <strong>Tam Lin</strong> delivers it all with unmatched depth and creativity.</p>",Pamela Dean is an acclaimed writer known for their insightful works and exceptional storytelling.,Discover the heart of Tam Lin.|Each page of Tam Lin brings new insights.|A journey into the profound.|Let Tam Lin inspire you.|Uncover wisdom with Pamela Dean.,Pamela Dean shares the world through words.|Explore the mind of Pamela Dean.|Words that inspire and enlighten.|Dive into the creative brilliance of Pamela Dean.,Exploration of themes in Tam Lin.|Insights crafted by Pamela Dean.|A blend of storytelling and knowledge.,Readers who enjoy thoughtful and engaging narratives by Pamela Dean.,Insightful and engaging.,Learn from Tam Lin's wisdom.|Apply lessons from Pamela Dean.|Transform your perspective with this book.,"Tam Lin stands out for its unique approach to storytelling and insights, brought to life by Pamela Dean."
297303,mother-culture,karen-andreola,Mother Culture: A Masterpiece by Karen Andreola,"Mother Culture by Karen Andreola takes you on a journey through unique perspectives, exploring themes of identity, growth, and transformation.","<p><strong>Mother Culture</strong> offers an in-depth exploration of its central theme, crafted masterfully by Karen Andreola. This book combines engaging storytelling with profound insights, making it a must-read for its genre.</p><p>Whether you're seeking inspiration, knowledge, or entertainment, <strong>Mother Culture</strong> delivers it all with unmatched depth and creativity.</p>",Karen Andreola is an acclaimed writer known for their insightful works and exceptional storytelling.,Discover the heart of Mother Culture.|Each page of Mother Culture brings new insights.|A journey into the profound.|Let Mother Culture inspire you.|Uncover wisdom with Karen Andreola.,Karen Andreola shares the world through words.|Explore the mind of Karen Andreola.|Words that inspire and enlighten.|Dive into the creative brilliance of Karen Andreola.,Exploration of themes in Mother Culture.|Insights crafted by Karen Andreola.|A blend of storytelling and knowledge.,Readers who enjoy thoughtful and engaging narratives by Karen Andreola.,Insightful and engaging.,Learn from Mother Culture's wisdom.|Apply lessons from Karen Andreola.|Transform your perspective with this book.,"Mother Culture stands out for its unique approach to storytelling and insights, brought to life by Karen Andreola."
307441,the-green-man-s-heir,juliet-e-mckenna,The Green Man S Heir: A Masterpiece by Juliet E Mckenna,"The Green Man S Heir by Juliet E Mckenna takes you on a journey through unique perspectives, exploring themes of identity, growth, and transformation.","<p><strong>The Green Man S Heir</strong> offers an in-depth exploration of its central theme, crafted masterfully by Juliet E Mckenna. This book combines engaging storytelling with profound insights, making it a must-read for its genre.</p><p>Whether you're seeking inspiration, knowledge, or entertainment, <strong>The Green Man S Heir</strong> delivers it all with unmatched depth and creativity.</p>",Juliet E Mckenna is an acclaimed writer known for their insightful works and exceptional storytelling.,Discover the heart of The Green Man S Heir.|Each page of The Green Man S Heir brings new insights.|A journey into the profound.|Let The Green Man S Heir inspire you.|Uncover wisdom with Juliet E Mckenna.,Juliet E Mckenna shares the world through words.|Explore the mind of Juliet E Mckenna.|Words that inspire and enlighten.|Dive into the creative brilliance of Juliet E Mckenna.,Exploration of themes in The Green Man S Heir.|Insights crafted by Juliet E Mckenna.|A blend of storytelling and knowledge.,Readers who enjoy thoughtful and engaging narratives by Juliet E Mckenna.,Insightful and engaging.,Learn from The Green Man S Heir's wisdom.|Apply lessons from Juliet E Mckenna.|Transform your perspective with this book.,"The Green Man S Heir stands out for its unique approach to storytelling and insights, brought to life by Juliet E Mckenna."
276864,how-will-you-measure-your-life,clayton-m-christensen,How Will You Measure Your Life: A Masterpiece by Clayton M Christensen,"How Will You Measure Your Life by Clayton M Christensen takes you on a journey through unique perspectives, exploring themes of identity, growth, and transformation.","<p><strong>How Will You Measure Your Life</strong> offers an in-depth exploration of its central theme, crafted masterfully by Clayton M Christensen. This book combines engaging storytelling with profound insights, making it a must-read for its genre.</p><p>Whether you're seeking inspiration, knowledge, or entertainment, <strong>How Will You Measure Your Life</strong> delivers it all with unmatched depth and creativity.</p>",Clayton M Christensen is an acclaimed writer known for their insightful works and exceptional storytelling.,Discover the heart of How Will You Measure Your Life.|Each page of How Will You Measure Your Life brings new insights.|A journey into the profound.|Let How Will You Measure Your Life inspire you.|Uncover wisdom with Clayton M Christensen.,Clayton M Christensen shares the world through words.|Explore the mind of Clayton M Christensen.|Words that inspire and enlighten.|Dive into the creative brilliance of Clayton M Christensen.,Exploration of themes in How Will You Measure Your Life.|Insights crafted by Clayton M Christensen.|A blend of storytelling and knowledge.,Readers who enjoy thoughtful and engaging narratives by Clayton M Christensen.,Insightful and engaging.,Learn from How Will You Measure Your Life's wisdom.|Apply lessons from Clayton M Christensen.|Transform your perspective with this book.,"How Will You Measure Your Life stands out for its unique approach to storytelling and insights, brought to life by Clayton M Christensen."
288986,the-upstarts-how-uber-airbnb-and-the-killer-companies-of-the-new-silicon-valley-are-changing-the-world,brad-stone,The Upstarts How Uber Airbnb And The Killer Companies Of The New Silicon Valley Are Changing The World: A Masterpiece by Brad Stone,"The Upstarts How Uber Airbnb And The Killer Companies Of The New Silicon Valley Are Changing The World by Brad Stone takes you on a journey through unique perspectives, exploring themes of identity, growth, and transformation.","<p><strong>The Upstarts How Uber Airbnb And The Killer Companies Of The New Silicon Valley Are Changing The World</strong> offers an in-depth exploration of its central theme, crafted masterfully by Brad Stone. This book combines engaging storytelling with profound insights, making it a must-read for its genre.</p><p>Whether you're seeking inspiration, knowledge, or entertainment, <strong>The Upstarts How Uber Airbnb And The Killer Companies Of The New Silicon Valley Are Changing The World</strong> delivers it all with unmatched depth and creativity.</p>",Brad Stone is an acclaimed writer known for their insightful works and exceptional storytelling.,Discover the heart of The Upstarts How Uber Airbnb And The Killer Companies Of The New Silicon Valley Are Changing The World.|Each page of The Upstarts How Uber Airbnb And The Killer Companies Of The New Silicon Valley Are Changing The World brings new insights.|A journey into the profound.|Let The Upstarts How Uber Airbnb And The Killer Companies Of The New Silicon Valley Are Changing The World inspire you.|Uncover wisdom with Brad Stone.,Brad Stone shares the world through words.|Explore the mind of Brad Stone.|Words that inspire and enlighten.|Dive into the creative brilliance of Brad Stone.,Exploration of themes in The Upstarts How Uber Airbnb And The Killer Companies Of The New Silicon Valley Are Changing The World.|Insights crafted by Brad Stone.|A blend of storytelling and knowledge.,Readers who enjoy thoughtful and engaging narratives by Brad Stone.,Insightful and engaging.,Learn from The Upstarts How Uber Airbnb And The Killer Companies Of The New Silicon Valley Are Changing The World's wisdom.|Apply lessons from Brad Stone.|Transform your perspective with this book.,"The Upstarts How Uber Airbnb And The Killer Companies Of The New Silicon Valley Are Changing The World stands out for its unique approach to storytelling and insights, brought to life by Brad Stone."
294590,smarter-faster-cheaper-non-boring-fluff-free-strategies-for-marketing-and-promoting-your-business,david-siteman-garland,Smarter Faster Cheaper Non Boring Fluff Free Strategies For Marketing And Promoting Your Business: A Masterpiece by David Siteman Garland,"Smarter Faster Cheaper Non Boring Fluff Free Strategies For Marketing And Promoting Your Business by David Siteman Garland takes you on a journey through unique perspectives, exploring themes of identity, growth, and transformation.","<p><strong>Smarter Faster Cheaper Non Boring Fluff Free Strategies For Marketing And Promoting Your Business</strong> offers an in-depth exploration of its central theme, crafted masterfully by David Siteman Garland. This book combines engaging storytelling with profound insights, making it a must-read for its genre.</p><p>Whether you're seeking inspiration, knowledge, or entertainment, <strong>Smarter Faster Cheaper Non Boring Fluff Free Strategies For Marketing And Promoting Your Business</strong> delivers it all with unmatched depth and creativity.</p>",David Siteman Garland is an acclaimed writer known for their insightful works and exceptional storytelling.,Discover the heart of Smarter Faster Cheaper Non Boring Fluff Free Strategies For Marketing And Promoting Your Business.|Each page of Smarter Faster Cheaper Non Boring Fluff Free Strategies For Marketing And Promoting Your Business brings new insights.|A journey into the profound.|Let Smarter Faster Cheaper Non Boring Fluff Free Strategies For Marketing And Promoting Your Business inspire you.|Uncover wisdom with David Siteman Garland.,David Siteman Garland shares the world through words.|Explore the mind of David Siteman Garland.|Words that inspire and enlighten.|Dive into the creative brilliance of David Siteman Garland.,Exploration of themes in Smarter Faster Cheaper Non Boring Fluff Free Strategies For Marketing And Promoting Your Business.|Insights crafted by David Siteman Garland.|A blend of storytelling and knowledge.,Readers who enjoy thoughtful and engaging narratives by David Siteman Garland.,Insightful and engaging.,Learn from Smarter Faster Cheaper Non Boring Fluff Free Strategies For Marketing And Promoting Your Business's wisdom.|Apply lessons from David Siteman Garland.|Transform your perspective with this book.,"Smarter Faster Cheaper Non Boring Fluff Free Strategies For Marketing And Promoting Your Business stands out for its unique approach to storytelling and insights, brought to life by David Siteman Garland."
304136,critica-portatile-al-visual-design-da-gutenberg-ai-social-network,riccardo-falcinelli,Critica Portatile Al Visual Design Da Gutenberg Ai Social Network: A Masterpiece by Riccardo Falcinelli,"Critica Portatile Al Visual Design Da Gutenberg Ai Social Network by Riccardo Falcinelli takes you on a journey through unique perspectives, exploring themes of identity, growth, and transformation.","<p><strong>Critica Portatile Al Visual Design Da Gutenberg Ai Social Network</strong> offers an in-depth exploration of its central theme, crafted masterfully by Riccardo Falcinelli. This book combines engaging storytelling with profound insights, making it a must-read for its genre.</p><p>Whether you're seeking inspiration, knowledge, or entertainment, <strong>Critica Portatile Al Visual Design Da Gutenberg Ai Social Network</strong> delivers it all with unmatched depth and creativity.</p>",Riccardo Falcinelli is an acclaimed writer known for their insightful works and exceptional storytelling.,Discover the heart of Critica Portatile Al Visual Design Da Gutenberg Ai Social Network.|Each page of Critica Portatile Al Visual Design Da Gutenberg Ai Social Network brings new insights.|A journey into the profound.|Let Critica Portatile Al Visual Design Da Gutenberg Ai Social Network inspire you.|Uncover wisdom with Riccardo Falcinelli.,Riccardo Falcinelli shares the world through words.|Explore the mind of Riccardo Falcinelli.|Words that inspire and enlighten.|Dive into the creative brilliance of Riccardo Falcinelli.,Exploration of themes in Critica Portatile Al Visual Design Da Gutenberg Ai Social Network.|Insights crafted by Riccardo Falcinelli.|A blend of storytelling and knowledge.,Readers who enjoy thoughtful and engaging narratives by Riccardo Falcinelli.,Insightful and engaging.,Learn from Critica Portatile Al Visual Design Da Gutenberg Ai Social Network's wisdom.|Apply lessons from Riccardo Falcinelli.|Transform your perspective with this book.,"Critica Portatile Al Visual Design Da Gutenberg Ai Social Network stands out for its unique approach to storytelling and insights, brought to life by Riccardo Falcinelli."
284571,this-life-secular-faith-and-spiritual-freedom,martin-haegglund,This Life Secular Faith And Spiritual Freedom: A Masterpiece by Martin Haegglund,"This Life Secular Faith And Spiritual Freedom by Martin Haegglund takes you on a journey through unique perspectives, exploring themes of identity, growth, and transformation.","<p><strong>This Life Secular Faith And Spiritual Freedom</strong> offers an in-depth exploration of its central theme, crafted masterfully by Martin Haegglund. This book combines engaging storytelling with profound insights, making it a must-read for its genre.</p><p>Whether you're seeking inspiration, knowledge, or entertainment, <strong>This Life Secular Faith And Spiritual Freedom</strong> delivers it all with unmatched depth and creativity.</p>",Martin Haegglund is an acclaimed writer known for their insightful works and exceptional storytelling.,Discover the heart of This Life Secular Faith And Spiritual Freedom.|Each page of This Life Secular Faith And Spiritual Freedom brings new insights.|A journey into the profound.|Let This Life Secular Faith And Spiritual Freedom inspire you.|Uncover wisdom with Martin Haegglund.,Martin Haegglund shares the world through words.|Explore the mind of Martin Haegglund.|Words that inspire and enlighten.|Dive into the creative brilliance of Martin Haegglund.,Exploration of themes in This Life Secular Faith And Spiritual Freedom.|Insights crafted by Martin Haegglund.|A blend of storytelling and knowledge.,Readers who enjoy thoughtful and engaging narratives by Martin Haegglund.,Insightful and engaging.,Learn from This Life Secular Faith And Spiritual Freedom's wisdom.|Apply lessons from Martin Haegglund.|Transform your perspective with this book.,"This Life Secular Faith And Spiritual Freedom stands out for its unique approach to storytelling and insights, brought to life by Martin Haegglund."
282872,the-trauma-cleaner-one-woman-s-extraordinary-life-in-the-business-of-death-decay-and-disaster,sarah-krasnostein,The Trauma Cleaner One Woman S Extraordinary Life In The Business Of Death Decay And Disaster: A Masterpiece by Sarah Krasnostein,"The Trauma Cleaner One Woman S Extraordinary Life In The Business Of Death Decay And Disaster by Sarah Krasnostein takes you on a journey through unique perspectives, exploring themes of identity, growth, and transformation.","<p><strong>The Trauma Cleaner One Woman S Extraordinary Life In The Business Of Death Decay And Disaster</strong> offers an in-depth exploration of its central theme, crafted masterfully by Sarah Krasnostein. This book combines engaging storytelling with profound insights, making it a must-read for its genre.</p><p>Whether you're seeking inspiration, knowledge, or entertainment, <strong>The Trauma Cleaner One Woman S Extraordinary Life In The Business Of Death Decay And Disaster</strong> delivers it all with unmatched depth and creativity.</p>",Sarah Krasnostein is an acclaimed writer known for their insightful works and exceptional storytelling.,Discover the heart of The Trauma Cleaner One Woman S Extraordinary Life In The Business Of Death Decay And Disaster.|Each page of The Trauma Cleaner One Woman S Extraordinary Life In The Business Of Death Decay And Disaster brings new insights.|A journey into the profound.|Let The Trauma Cleaner One Woman S Extraordinary Life In The Business Of Death Decay And Disaster inspire you.|Uncover wisdom with Sarah Krasnostein.,Sarah Krasnostein shares the world through words.|Explore the mind of Sarah Krasnostein.|Words that inspire and enlighten.|Dive into the creative brilliance of Sarah Krasnostein.,Exploration of themes in The Trauma Cleaner One Woman S Extraordinary Life In The Business Of Death Decay And Disaster.|Insights crafted by Sarah Krasnostein.|A blend of storytelling and knowledge.,Readers who enjoy thoughtful and engaging narratives by Sarah Krasnostein.,Insightful and engaging.,Learn from The Trauma Cleaner One Woman S Extraordinary Life In The Business Of Death Decay And Disaster's wisdom.|Apply lessons from Sarah Krasnostein.|Transform your perspective with this book.,"The Trauma Cleaner One Woman S Extraordinary Life In The Business Of Death Decay And Disaster stands out for its unique approach to storytelling and insights, brought to life by Sarah Krasnostein."
277680,a-million-miles-in-a-thousand-years-what-i-learned-while-editing-my-life,donald-miller,A Million Miles In A Thousand Years What I Learned While Editing My Life: A Masterpiece by Donald Miller,"A Million Miles In A Thousand Years What I Learned While Editing My Life by Donald Miller takes you on a journey through unique perspectives, exploring themes of identity, growth, and transformation.","<p><strong>A Million Miles In A Thousand Years What I Learned While Editing My Life</strong> offers an in-depth exploration of its central theme, crafted masterfully by Donald Miller. This book combines engaging storytelling with profound insights, making it a must-read for its genre.</p><p>Whether you're seeking inspiration, knowledge, or entertainment, <strong>A Million Miles In A Thousand Years What I Learned While Editing My Life</strong> delivers it all with unmatched depth and creativity.</p>",Donald Miller is an acclaimed writer known for their insightful works and exceptional storytelling.,Discover the heart of A Million Miles In A Thousand Years What I Learned While Editing My Life.|Each page of A Million Miles In A Thousand Years What I Learned While Editing My Life brings new insights.|A journey into the profound.|Let A Million Miles In A Thousand Years What I Learned While Editing My Life inspire you.|Uncover wisdom with Donald Miller.,Donald Miller shares the world through words.|Explore the mind of Donald Miller.|Words that inspire and enlighten.|Dive into the creative brilliance of Donald Miller.,Exploration of themes in A Million Miles In A Thousand Years What I Learned While Editing My Life.|Insights crafted by Donald Miller.|A blend of storytelling and knowledge.,Readers who enjoy thoughtful and engaging narratives by Donald Miller.,Insightful and engaging.,Learn from A Million Miles In A Thousand Years What I Learned While Editing My Life's wisdom.|Apply lessons from Donald Miller.|Transform your perspective with this book.,"A Million Miles In A Thousand Years What I Learned While Editing My Life stands out for its unique approach to storytelling and insights, brought to life by Donald Miller."
303665,the-art-of-monsters-inc,john-lasseter,The Art Of Monsters Inc: A Masterpiece by John Lasseter,"The Art Of Monsters Inc by John Lasseter takes you on a journey through unique perspectives, exploring themes of identity, growth, and transformation.","<p><strong>The Art Of Monsters Inc</strong> offers an in-depth exploration of its central theme, crafted masterfully by John Lasseter. This book combines engaging storytelling with profound insights, making it a must-read for its genre.</p><p>Whether you're seeking inspiration, knowledge, or entertainment, <strong>The Art Of Monsters Inc</strong> delivers it all with unmatched depth and creativity.</p>",John Lasseter is an acclaimed writer known for their insightful works and exceptional storytelling.,Discover the heart of The Art Of Monsters Inc.|Each page of The Art Of Monsters Inc brings new insights.|A journey into the profound.|Let The Art Of Monsters Inc inspire you.|Uncover wisdom with John Lasseter.,John Lasseter shares the world through words.|Explore the mind of John Lasseter.|Words that inspire and enlighten.|Dive into the creative brilliance of John Lasseter.,Exploration of themes in The Art Of Monsters Inc.|Insights crafted by John Lasseter.|A blend of storytelling and knowledge.,Readers who enjoy thoughtful and engaging narratives by John Lasseter.,Insightful and engaging.,Learn from The Art Of Monsters Inc's wisdom.|Apply lessons from John Lasseter.|Transform your perspective with this book.,"The Art Of Monsters Inc stands out for its unique approach to storytelling and insights, brought to life by John Lasseter."
284697,immortality,milan-kundera,Immortality: A Masterpiece by Milan Kundera,"Immortality by Milan Kundera takes you on a journey through unique perspectives, exploring themes of identity, growth, and transformation.","<p><strong>Immortality</strong> offers an in-depth exploration of its central theme, crafted masterfully by Milan Kundera. This book combines engaging storytelling with profound insights, making it a must-read for its genre.</p><p>Whether you're seeking inspiration, knowledge, or entertainment, <strong>Immortality</strong> delivers it all with unmatched depth and creativity.</p>",Milan Kundera is an acclaimed writer known for their insightful works and exceptional storytelling.,Discover the heart of Immortality.|Each page of Immortality brings new insights.|A journey into the profound.|Let Immortality inspire you.|Uncover wisdom with Milan Kundera.,Milan Kundera shares the world through words.|Explore the mind of Milan Kundera.|Words that inspire and enlighten.|Dive into the creative brilliance of Milan Kundera.,Exploration of themes in Immortality.|Insights crafted by Milan Kundera.|A blend of storytelling and knowledge.,Readers who enjoy thoughtful and engaging narratives by Milan Kundera.,Insightful and engaging.,Learn from Immortality's wisdom.|Apply lessons from Milan Kundera.|Transform your perspective with this book.,"Immortality stands out for its unique approach to storytelling and insights, brought to life by Milan Kundera."
308692,the-art-of-the-english-murder-from-jack-the-ripper-and-sherlock-holmes-to-agatha-christie-and-alfred-hitchcock,lucy-worsley,The Art Of The English Murder From Jack The Ripper And Sherlock Holmes To Agatha Christie And Alfred Hitchcock: A Masterpiece by Lucy Worsley,"The Art Of The English Murder From Jack The Ripper And Sherlock Holmes To Agatha Christie And Alfred Hitchcock by Lucy Worsley takes you on a journey through unique perspectives, exploring themes of identity, growth, and transformation.","<p><strong>The Art Of The English Murder From Jack The Ripper And Sherlock Holmes To Agatha Christie And Alfred Hitchcock</strong> offers an in-depth exploration of its central theme, crafted masterfully by Lucy Worsley. This book combines engaging storytelling with profound insights, making it a must-read for its genre.</p><p>Whether you're seeking inspiration, knowledge, or entertainment, <strong>The Art Of The English Murder From Jack The Ripper And Sherlock Holmes To Agatha Christie And Alfred Hitchcock</strong> delivers it all with unmatched depth and creativity.</p>",Lucy Worsley is an acclaimed writer known for their insightful works and exceptional storytelling.,Discover the heart of The Art Of The English Murder From Jack The Ripper And Sherlock Holmes To Agatha Christie And Alfred Hitchcock.|Each page of The Art Of The English Murder From Jack The Ripper And Sherlock Holmes To Agatha Christie And Alfred Hitchcock brings new insights.|A journey into the profound.|Let The Art Of The English Murder From Jack The Ripper And Sherlock Holmes To Agatha Christie And Alfred Hitchcock inspire you.|Uncover wisdom with Lucy Worsley.,Lucy Worsley shares the world through words.|Explore the mind of Lucy Worsley.|Words that inspire and enlighten.|Dive into the creative brilliance of Lucy Worsley.,Exploration of themes in The Art Of The English Murder From Jack The Ripper And Sherlock Holmes To Agatha Christie And Alfred Hitchcock.|Insights crafted by Lucy Worsley.|A blend of storytelling and knowledge.,Readers who enjoy thoughtful and engaging narratives by Lucy Worsley.,Insightful and engaging.,Learn from The Art Of The English Murder From Jack The Ripper And Sherlock Holmes To Agatha Christie And Alfred Hitchcock's wisdom.|Apply lessons from Lucy Worsley.|Transform your perspective with this book.,"The Art Of The English Murder From Jack The Ripper And Sherlock Holmes To Agatha Christie And Alfred Hitchcock stands out for its unique approach to storytelling and insights, brought to life by Lucy Worsley."
302388,the-drought-defying-california-garden-230-native-plants-for-a-lush-low-water-landscape,greg-rubin,The Drought Defying California Garden 230 Native Plants For A Lush Low Water Landscape: A Masterpiece by Greg Rubin,"The Drought Defying California Garden 230 Native Plants For A Lush Low Water Landscape by Greg Rubin takes you on a journey through unique perspectives, exploring themes of identity, growth, and transformation.","<p><strong>The Drought Defying California Garden 230 Native Plants For A Lush Low Water Landscape</strong> offers an in-depth exploration of its central theme, crafted masterfully by Greg Rubin. This book combines engaging storytelling with profound insights, making it a must-read for its genre.</p><p>Whether you're seeking inspiration, knowledge, or entertainment, <strong>The Drought Defying California Garden 230 Native Plants For A Lush Low Water Landscape</strong> delivers it all with unmatched depth and creativity.</p>",Greg Rubin is an acclaimed writer known for their insightful works and exceptional storytelling.,Discover the heart of The Drought Defying California Garden 230 Native Plants For A Lush Low Water Landscape.|Each page of The Drought Defying California Garden 230 Native Plants For A Lush Low Water Landscape brings new insights.|A journey into the profound.|Let The Drought Defying California Garden 230 Native Plants For A Lush Low Water Landscape inspire you.|Uncover wisdom with Greg Rubin.,Greg Rubin shares the world through words.|Explore the mind of Greg Rubin.|Words that inspire and enlighten.|Dive into the creative brilliance of Greg Rubin.,Exploration of themes in The Drought Defying California Garden 230 Native Plants For A Lush Low Water Landscape.|Insights crafted by Greg Rubin.|A blend of storytelling and knowledge.,Readers who enjoy thoughtful and engaging narratives by Greg Rubin.,Insightful and engaging.,Learn from The Drought Defying California Garden 230 Native Plants For A Lush Low Water Landscape's wisdom.|Apply lessons from Greg Rubin.|Transform your perspective with this book.,"The Drought Defying California Garden 230 Native Plants For A Lush Low Water Landscape stands out for its unique approach to storytelling and insights, brought to life by Greg Rubin."
281170,the-rest-is-noise-listening-to-the-twentieth-century,alex-ross,The Rest Is Noise Listening To The Twentieth Century: A Masterpiece by Alex Ross,"The Rest Is Noise Listening To The Twentieth Century by Alex Ross takes you on a journey through unique perspectives, exploring themes of identity, growth, and transformation.","<p><strong>The Rest Is Noise Listening To The Twentieth Century</strong> offers an in-depth exploration of its central theme, crafted masterfully by Alex Ross. This book combines engaging storytelling with profound insights, making it a must-read for its genre.</p><p>Whether you're seeking inspiration, knowledge, or entertainment, <strong>The Rest Is Noise Listening To The Twentieth Century</strong> delivers it all with unmatched depth and creativity.</p>",Alex Ross is an acclaimed writer known for their insightful works and exceptional storytelling.,Discover the heart of The Rest Is Noise Listening To The Twentieth Century.|Each page of The Rest Is Noise Listening To The Twentieth Century brings new insights.|A journey into the profound.|Let The Rest Is Noise Listening To The Twentieth Century inspire you.|Uncover wisdom with Alex Ross.,Alex Ross shares the world through words.|Explore the mind of Alex Ross.|Words that inspire and enlighten.|Dive into the creative brilliance of Alex Ross.,Exploration of themes in The Rest Is Noise Listening To The Twentieth Century.|Insights crafted by Alex Ross.|A blend of storytelling and knowledge.,Readers who enjoy thoughtful and engaging narratives by Alex Ross.,Insightful and engaging.,Learn from The Rest Is Noise Listening To The Twentieth Century's wisdom.|Apply lessons from Alex Ross.|Transform your perspective with this book.,"The Rest Is Noise Listening To The Twentieth Century stands out for its unique approach to storytelling and insights, brought to life by Alex Ross."
306592,passport-to-magonia-on-ufos-folklore-and-parallel-worlds,jacques-f-vallee,Passport To Magonia On Ufos Folklore And Parallel Worlds: A Masterpiece by Jacques F Vallee,"Passport To Magonia On Ufos Folklore And Parallel Worlds by Jacques F Vallee takes you on a journey through unique perspectives, exploring themes of identity, growth, and transformation.","<p><strong>Passport To Magonia On Ufos Folklore And Parallel Worlds</strong> offers an in-depth exploration of its central theme, crafted masterfully by Jacques F Vallee. This book combines engaging storytelling with profound insights, making it a must-read for its genre.</p><p>Whether you're seeking inspiration, knowledge, or entertainment, <strong>Passport To Magonia On Ufos Folklore And Parallel Worlds</strong> delivers it all with unmatched depth and creativity.</p>",Jacques F Vallee is an acclaimed writer known for their insightful works and exceptional storytelling.,Discover the heart of Passport To Magonia On Ufos Folklore And Parallel Worlds.|Each page of Passport To Magonia On Ufos Folklore And Parallel Worlds brings new insights.|A journey into the profound.|Let Passport To Magonia On Ufos Folklore And Parallel Worlds inspire you.|Uncover wisdom with Jacques F Vallee.,Jacques F Vallee shares the world through words.|Explore the mind of Jacques F Vallee.|Words that inspire and enlighten.|Dive into the creative brilliance of Jacques F Vallee.,Exploration of themes in Passport To Magonia On Ufos Folklore And Parallel Worlds.|Insights crafted by Jacques F Vallee.|A blend of storytelling and knowledge.,Readers who enjoy thoughtful and engaging narratives by Jacques F Vallee.,Insightful and engaging.,Learn from Passport To Magonia On Ufos Folklore And Parallel Worlds's wisdom.|Apply lessons from Jacques F Vallee.|Transform your perspective with this book.,"Passport To Magonia On Ufos Folklore And Parallel Worlds stands out for its unique approach to storytelling and insights, brought to life by Jacques F Vallee."
292447,the-marks-of-a-spiritual-leader,john-piper,The Marks Of A Spiritual Leader: A Masterpiece by John Piper,"The Marks Of A Spiritual Leader by John Piper takes you on a journey through unique perspectives, exploring themes of identity, growth, and transformation.","<p><strong>The Marks Of A Spiritual Leader</strong> offers an in-depth exploration of its central theme, crafted masterfully by John Piper. This book combines engaging storytelling with profound insights, making it a must-read for its genre.</p><p>Whether you're seeking inspiration, knowledge, or entertainment, <strong>The Marks Of A Spiritual Leader</strong> delivers it all with unmatched depth and creativity.</p>",John Piper is an acclaimed writer known for their insightful works and exceptional storytelling.,Discover the heart of The Marks Of A Spiritual Leader.|Each page of The Marks Of A Spiritual Leader brings new insights.|A journey into the profound.|Let The Marks Of A Spiritual Leader inspire you.|Uncover wisdom with John Piper.,John Piper shares the world through words.|Explore the mind of John Piper.|Words that inspire and enlighten.|Dive into the creative brilliance of John Piper.,Exploration of themes in The Marks Of A Spiritual Leader.|Insights crafted by John Piper.|A blend of storytelling and knowledge.,Readers who enjoy thoughtful and engaging narratives by John Piper.,Insightful and engaging.,Learn from The Marks Of A Spiritual Leader's wisdom.|Apply lessons from John Piper.|Transform your perspective with this book.,"The Marks Of A Spiritual Leader stands out for its unique approach to storytelling and insights, brought to life by John Piper."
293700,one-person-multiple-careers-a-new-model-for-work-life-success,marci-alboher,One Person Multiple Careers A New Model For Work Life Success: A Masterpiece by Marci Alboher,"One Person Multiple Careers A New Model For Work Life Success by Marci Alboher takes you on a journey through unique perspectives, exploring themes of identity, growth, and transformation.","<p><strong>One Person Multiple Careers A New Model For Work Life Success</strong> offers an in-depth exploration of its central theme, crafted masterfully by Marci Alboher. This book combines engaging storytelling with profound insights, making it a must-read for its genre.</p><p>Whether you're seeking inspiration, knowledge, or entertainment, <strong>One Person Multiple Careers A New Model For Work Life Success</strong> delivers it all with unmatched depth and creativity.</p>",Marci Alboher is an acclaimed writer known for their insightful works and exceptional storytelling.,Discover the heart of One Person Multiple Careers A New Model For Work Life Success.|Each page of One Person Multiple Careers A New Model For Work Life Success brings new insights.|A journey into the profound.|Let One Person Multiple Careers A New Model For Work Life Success inspire you.|Uncover wisdom with Marci Alboher.,Marci Alboher shares the world through words.|Explore the mind of Marci Alboher.|Words that inspire and enlighten.|Dive into the creative brilliance of Marci Alboher.,Exploration of themes in One Person Multiple Careers A New Model For Work Life Success.|Insights crafted by Marci Alboher.|A blend of storytelling and knowledge.,Readers who enjoy thoughtful and engaging narratives by Marci Alboher.,Insightful and engaging.,Learn from One Person Multiple Careers A New Model For Work Life Success's wisdom.|Apply lessons from Marci Alboher.|Transform your perspective with this book.,"One Person Multiple Careers A New Model For Work Life Success stands out for its unique approach to storytelling and insights, brought to life by Marci Alboher."
281181,man-and-his-symbols,c-g-jung,Man And His Symbols: A Masterpiece by C G Jung,"Man And His Symbols by C G Jung takes you on a journey through unique perspectives, exploring themes of identity, growth, and transformation.","<p><strong>Man And His Symbols</strong> offers an in-depth exploration of its central theme, crafted masterfully by C G Jung. This book combines engaging storytelling with profound insights, making it a must-read for its genre.</p><p>Whether you're seeking inspiration, knowledge, or entertainment, <strong>Man And His Symbols</strong> delivers it all with unmatched depth and creativity.</p>",C G Jung is an acclaimed writer known for their insightful works and exceptional storytelling.,Discover the heart of Man And His Symbols.|Each page of Man And His Symbols brings new insights.|A journey into the profound.|Let Man And His Symbols inspire you.|Uncover wisdom with C G Jung.,C G Jung shares the world through words.|Explore the mind of C G Jung.|Words that inspire and enlighten.|Dive into the creative brilliance of C G Jung.,Exploration of themes in Man And His Symbols.|Insights crafted by C G Jung.|A blend of storytelling and knowledge.,Readers who enjoy thoughtful and engaging narratives by C G Jung.,Insightful and engaging.,Learn from Man And His Symbols's wisdom.|Apply lessons from C G Jung.|Transform your perspective with this book.,"Man And His Symbols stands out for its unique approach to storytelling and insights, brought to life by C G Jung."
289696,youtility-why-smart-marketing-is-about-help-not-hype,jay-baer,Youtility Why Smart Marketing Is About Help Not Hype: A Masterpiece by Jay Baer,"Youtility Why Smart Marketing Is About Help Not Hype by Jay Baer takes you on a journey through unique perspectives, exploring themes of identity, growth, and transformation.","<p><strong>Youtility Why Smart Marketing Is About Help Not Hype</strong> offers an in-depth exploration of its central theme, crafted masterfully by Jay Baer. This book combines engaging storytelling with profound insights, making it a must-read for its genre.</p><p>Whether you're seeking inspiration, knowledge, or entertainment, <strong>Youtility Why Smart Marketing Is About Help Not Hype</strong> delivers it all with unmatched depth and creativity.</p>",Jay Baer is an acclaimed writer known for their insightful works and exceptional storytelling.,Discover the heart of Youtility Why Smart Marketing Is About Help Not Hype.|Each page of Youtility Why Smart Marketing Is About Help Not Hype brings new insights.|A journey into the profound.|Let Youtility Why Smart Marketing Is About Help Not Hype inspire you.|Uncover wisdom with Jay Baer.,Jay Baer shares the world through words.|Explore the mind of Jay Baer.|Words that inspire and enlighten.|Dive into the creative brilliance of Jay Baer.,Exploration of themes in Youtility Why Smart Marketing Is About Help Not Hype.|Insights crafted by Jay Baer.|A blend of storytelling and knowledge.,Readers who enjoy thoughtful and engaging narratives by Jay Baer.,Insightful and engaging.,Learn from Youtility Why Smart Marketing Is About Help Not Hype's wisdom.|Apply lessons from Jay Baer.|Transform your perspective with this book.,"Youtility Why Smart Marketing Is About Help Not Hype stands out for its unique approach to storytelling and insights, brought to life by Jay Baer."
310889,the-natural-law-a-study-in-legal-and-social-history-and-philosophy,heinrich-a-rommen,The Natural Law A Study In Legal And Social History And Philosophy: A Masterpiece by Heinrich A Rommen,"The Natural Law A Study In Legal And Social History And Philosophy by Heinrich A Rommen takes you on a journey through unique perspectives, exploring themes of identity, growth, and transformation.","<p><strong>The Natural Law A Study In Legal And Social History And Philosophy</strong> offers an in-depth exploration of its central theme, crafted masterfully by Heinrich A Rommen. This book combines engaging storytelling with profound insights, making it a must-read for its genre.</p><p>Whether you're seeking inspiration, knowledge, or entertainment, <strong>The Natural Law A Study In Legal And Social History And Philosophy</strong> delivers it all with unmatched depth and creativity.</p>",Heinrich A Rommen is an acclaimed writer known for their insightful works and exceptional storytelling.,Discover the heart of The Natural Law A Study In Legal And Social History And Philosophy.|Each page of The Natural Law A Study In Legal And Social History And Philosophy brings new insights.|A journey into the profound.|Let The Natural Law A Study In Legal And Social History And Philosophy inspire you.|Uncover wisdom with Heinrich A Rommen.,Heinrich A Rommen shares the world through words.|Explore the mind of Heinrich A Rommen.|Words that inspire and enlighten.|Dive into the creative brilliance of Heinrich A Rommen.,Exploration of themes in The Natural Law A Study In Legal And Social History And Philosophy.|Insights crafted by Heinrich A Rommen.|A blend of storytelling and knowledge.,Readers who enjoy thoughtful and engaging narratives by Heinrich A Rommen.,Insightful and engaging.,Learn from The Natural Law A Study In Legal And Social History And Philosophy's wisdom.|Apply lessons from Heinrich A Rommen.|Transform your perspective with this book.,"The Natural Law A Study In Legal And Social History And Philosophy stands out for its unique approach to storytelling and insights, brought to life by Heinrich A Rommen."
286477,life-together-the-classic-exploration-of-christian-community,dietrich-bonhoeffer,Life Together The Classic Exploration Of Christian Community: A Masterpiece by Dietrich Bonhoeffer,"Life Together The Classic Exploration Of Christian Community by Dietrich Bonhoeffer takes you on a journey through unique perspectives, exploring themes of identity, growth, and transformation.","<p><strong>Life Together The Classic Exploration Of Christian Community</strong> offers an in-depth exploration of its central theme, crafted masterfully by Dietrich Bonhoeffer. This book combines engaging storytelling with profound insights, making it a must-read for its genre.</p><p>Whether you're seeking inspiration, knowledge, or entertainment, <strong>Life Together The Classic Exploration Of Christian Community</strong> delivers it all with unmatched depth and creativity.</p>",Dietrich Bonhoeffer is an acclaimed writer known for their insightful works and exceptional storytelling.,Discover the heart of Life Together The Classic Exploration Of Christian Community.|Each page of Life Together The Classic Exploration Of Christian Community brings new insights.|A journey into the profound.|Let Life Together The Classic Exploration Of Christian Community inspire you.|Uncover wisdom with Dietrich Bonhoeffer.,Dietrich Bonhoeffer shares the world through words.|Explore the mind of Dietrich Bonhoeffer.|Words that inspire and enlighten.|Dive into the creative brilliance of Dietrich Bonhoeffer.,Exploration of themes in Life Together The Classic Exploration Of Christian Community.|Insights crafted by Dietrich Bonhoeffer.|A blend of storytelling and knowledge.,Readers who enjoy thoughtful and engaging narratives by Dietrich Bonhoeffer.,Insightful and engaging.,Learn from Life Together The Classic Exploration Of Christian Community's wisdom.|Apply lessons from Dietrich Bonhoeffer.|Transform your perspective with this book.,"Life Together The Classic Exploration Of Christian Community stands out for its unique approach to storytelling and insights, brought to life by Dietrich Bonhoeffer."
277427,the-procrastination-equation-how-to-stop-putting-things-off-and-start-getting-stuff-done,piers-steel,The Procrastination Equation How To Stop Putting Things Off And Start Getting Stuff Done: A Masterpiece by Piers Steel,"The Procrastination Equation How To Stop Putting Things Off And Start Getting Stuff Done by Piers Steel takes you on a journey through unique perspectives, exploring themes of identity, growth, and transformation.","<p><strong>The Procrastination Equation How To Stop Putting Things Off And Start Getting Stuff Done</strong> offers an in-depth exploration of its central theme, crafted masterfully by Piers Steel. This book combines engaging storytelling with profound insights, making it a must-read for its genre.</p><p>Whether you're seeking inspiration, knowledge, or entertainment, <strong>The Procrastination Equation How To Stop Putting Things Off And Start Getting Stuff Done</strong> delivers it all with unmatched depth and creativity.</p>",Piers Steel is an acclaimed writer known for their insightful works and exceptional storytelling.,Discover the heart of The Procrastination Equation How To Stop Putting Things Off And Start Getting Stuff Done.|Each page of The Procrastination Equation How To Stop Putting Things Off And Start Getting Stuff Done brings new insights.|A journey into the profound.|Let The Procrastination Equation How To Stop Putting Things Off And Start Getting Stuff Done inspire you.|Uncover wisdom with Piers Steel.,Piers Steel shares the world through words.|Explore the mind of Piers Steel.|Words that inspire and enlighten.|Dive into the creative brilliance of Piers Steel.,Exploration of themes in The Procrastination Equation How To Stop Putting Things Off And Start Getting Stuff Done.|Insights crafted by Piers Steel.|A blend of storytelling and knowledge.,Readers who enjoy thoughtful and engaging narratives by Piers Steel.,Insightful and engaging.,Learn from The Procrastination Equation How To Stop Putting Things Off And Start Getting Stuff Done's wisdom.|Apply lessons from Piers Steel.|Transform your perspective with this book.,"The Procrastination Equation How To Stop Putting Things Off And Start Getting Stuff Done stands out for its unique approach to storytelling and insights, brought to life by Piers Steel."
299580,vagina-obscura-an-anatomical-voyage,rachel-e-gross,Vagina Obscura An Anatomical Voyage: A Masterpiece by Rachel E Gross,"Vagina Obscura An Anatomical Voyage by Rachel E Gross takes you on a journey through unique perspectives, exploring themes of identity, growth, and transformation.","<p><strong>Vagina Obscura An Anatomical Voyage</strong> offers an in-depth exploration of its central theme, crafted masterfully by Rachel E Gross. This book combines engaging storytelling with profound insights, making it a must-read for its genre.</p><p>Whether you're seeking inspiration, knowledge, or entertainment, <strong>Vagina Obscura An Anatomical Voyage</strong> delivers it all with unmatched depth and creativity.</p>",Rachel E Gross is an acclaimed writer known for their insightful works and exceptional storytelling.,Discover the heart of Vagina Obscura An Anatomical Voyage.|Each page of Vagina Obscura An Anatomical Voyage brings new insights.|A journey into the profound.|Let Vagina Obscura An Anatomical Voyage inspire you.|Uncover wisdom with Rachel E Gross.,Rachel E Gross shares the world through words.|Explore the mind of Rachel E Gross.|Words that inspire and enlighten.|Dive into the creative brilliance of Rachel E Gross.,Exploration of themes in Vagina Obscura An Anatomical Voyage.|Insights crafted by Rachel E Gross.|A blend of storytelling and knowledge.,Readers who enjoy thoughtful and engaging narratives by Rachel E Gross.,Insightful and engaging.,Learn from Vagina Obscura An Anatomical Voyage's wisdom.|Apply lessons from Rachel E Gross.|Transform your perspective with this book.,"Vagina Obscura An Anatomical Voyage stands out for its unique approach to storytelling and insights, brought to life by Rachel E Gross."
298452,spirit-run-a-6-000-mile-marathon-through-north-america-s-stolen-land,noe-alvarez,Spirit Run A 6 000 Mile Marathon Through North America S Stolen Land: A Masterpiece by Noe Alvarez,"Spirit Run A 6 000 Mile Marathon Through North America S Stolen Land by Noe Alvarez takes you on a journey through unique perspectives, exploring themes of identity, growth, and transformation.","<p><strong>Spirit Run A 6 000 Mile Marathon Through North America S Stolen Land</strong> offers an in-depth exploration of its central theme, crafted masterfully by Noe Alvarez. This book combines engaging storytelling with profound insights, making it a must-read for its genre.</p><p>Whether you're seeking inspiration, knowledge, or entertainment, <strong>Spirit Run A 6 000 Mile Marathon Through North America S Stolen Land</strong> delivers it all with unmatched depth and creativity.</p>",Noe Alvarez is an acclaimed writer known for their insightful works and exceptional storytelling.,Discover the heart of Spirit Run A 6 000 Mile Marathon Through North America S Stolen Land.|Each page of Spirit Run A 6 000 Mile Marathon Through North America S Stolen Land brings new insights.|A journey into the profound.|Let Spirit Run A 6 000 Mile Marathon Through North America S Stolen Land inspire you.|Uncover wisdom with Noe Alvarez.,Noe Alvarez shares the world through words.|Explore the mind of Noe Alvarez.|Words that inspire and enlighten.|Dive into the creative brilliance of Noe Alvarez.,Exploration of themes in Spirit Run A 6 000 Mile Marathon Through North America S Stolen Land.|Insights crafted by Noe Alvarez.|A blend of storytelling and knowledge.,Readers who enjoy thoughtful and engaging narratives by Noe Alvarez.,Insightful and engaging.,Learn from Spirit Run A 6 000 Mile Marathon Through North America S Stolen Land's wisdom.|Apply lessons from Noe Alvarez.|Transform your perspective with this book.,"Spirit Run A 6 000 Mile Marathon Through North America S Stolen Land stands out for its unique approach to storytelling and insights, brought to life by Noe Alvarez."
306167,homes-for-our-time-contemporary-houses-from-chile-to-china,philip-jodidio,Homes For Our Time Contemporary Houses From Chile To China: A Masterpiece by Philip Jodidio,"Homes For Our Time Contemporary Houses From Chile To China by Philip Jodidio takes you on a journey through unique perspectives, exploring themes of identity, growth, and transformation.","<p><strong>Homes For Our Time Contemporary Houses From Chile To China</strong> offers an in-depth exploration of its central theme, crafted masterfully by Philip Jodidio. This book combines engaging storytelling with profound insights, making it a must-read for its genre.</p><p>Whether you're seeking inspiration, knowledge, or entertainment, <strong>Homes For Our Time Contemporary Houses From Chile To China</strong> delivers it all with unmatched depth and creativity.</p>",Philip Jodidio is an acclaimed writer known for their insightful works and exceptional storytelling.,Discover the heart of Homes For Our Time Contemporary Houses From Chile To China.|Each page of Homes For Our Time Contemporary Houses From Chile To China brings new insights.|A journey into the profound.|Let Homes For Our Time Contemporary Houses From Chile To China inspire you.|Uncover wisdom with Philip Jodidio.,Philip Jodidio shares the world through words.|Explore the mind of Philip Jodidio.|Words that inspire and enlighten.|Dive into the creative brilliance of Philip Jodidio.,Exploration of themes in Homes For Our Time Contemporary Houses From Chile To China.|Insights crafted by Philip Jodidio.|A blend of storytelling and knowledge.,Readers who enjoy thoughtful and engaging narratives by Philip Jodidio.,Insightful and engaging.,Learn from Homes For Our Time Contemporary Houses From Chile To China's wisdom.|Apply lessons from Philip Jodidio.|Transform your perspective with this book.,"Homes For Our Time Contemporary Houses From Chile To China stands out for its unique approach to storytelling and insights, brought to life by Philip Jodidio."
300855,land-how-the-hunger-for-ownership-shaped-the-modern-world,simon-winchester,Land How The Hunger For Ownership Shaped The Modern World: A Masterpiece by Simon Winchester,"Land How The Hunger For Ownership Shaped The Modern World by Simon Winchester takes you on a journey through unique perspectives, exploring themes of identity, growth, and transformation.","<p><strong>Land How The Hunger For Ownership Shaped The Modern World</strong> offers an in-depth exploration of its central theme, crafted masterfully by Simon Winchester. This book combines engaging storytelling with profound insights, making it a must-read for its genre.</p><p>Whether you're seeking inspiration, knowledge, or entertainment, <strong>Land How The Hunger For Ownership Shaped The Modern World</strong> delivers it all with unmatched depth and creativity.</p>",Simon Winchester is an acclaimed writer known for their insightful works and exceptional storytelling.,Discover the heart of Land How The Hunger For Ownership Shaped The Modern World.|Each page of Land How The Hunger For Ownership Shaped The Modern World brings new insights.|A journey into the profound.|Let Land How The Hunger For Ownership Shaped The Modern World inspire you.|Uncover wisdom with Simon Winchester.,Simon Winchester shares the world through words.|Explore the mind of Simon Winchester.|Words that inspire and enlighten.|Dive into the creative brilliance of Simon Winchester.,Exploration of themes in Land How The Hunger For Ownership Shaped The Modern World.|Insights crafted by Simon Winchester.|A blend of storytelling and knowledge.,Readers who enjoy thoughtful and engaging narratives by Simon Winchester.,Insightful and engaging.,Learn from Land How The Hunger For Ownership Shaped The Modern World's wisdom.|Apply lessons from Simon Winchester.|Transform your perspective with this book.,"Land How The Hunger For Ownership Shaped The Modern World stands out for its unique approach to storytelling and insights, brought to life by Simon Winchester."
295620,homer-price,robert-mccloskey,Homer Price: A Masterpiece by Robert Mccloskey,"Homer Price by Robert Mccloskey takes you on a journey through unique perspectives, exploring themes of identity, growth, and transformation.","<p><strong>Homer Price</strong> offers an in-depth exploration of its central theme, crafted masterfully by Robert Mccloskey. This book combines engaging storytelling with profound insights, making it a must-read for its genre.</p><p>Whether you're seeking inspiration, knowledge, or entertainment, <strong>Homer Price</strong> delivers it all with unmatched depth and creativity.</p>",Robert Mccloskey is an acclaimed writer known for their insightful works and exceptional storytelling.,Discover the heart of Homer Price.|Each page of Homer Price brings new insights.|A journey into the profound.|Let Homer Price inspire you.|Uncover wisdom with Robert Mccloskey.,Robert Mccloskey shares the world through words.|Explore the mind of Robert Mccloskey.|Words that inspire and enlighten.|Dive into the creative brilliance of Robert Mccloskey.,Exploration of themes in Homer Price.|Insights crafted by Robert Mccloskey.|A blend of storytelling and knowledge.,Readers who enjoy thoughtful and engaging narratives by Robert Mccloskey.,Insightful and engaging.,Learn from Homer Price's wisdom.|Apply lessons from Robert Mccloskey.|Transform your perspective with this book.,"Homer Price stands out for its unique approach to storytelling and insights, brought to life by Robert Mccloskey."
299311,a-man-on-the-moon,andrew-chaikin,A Man On The Moon: A Masterpiece by Andrew Chaikin,"A Man On The Moon by Andrew Chaikin takes you on a journey through unique perspectives, exploring themes of identity, growth, and transformation.","<p><strong>A Man On The Moon</strong> offers an in-depth exploration of its central theme, crafted masterfully by Andrew Chaikin. This book combines engaging storytelling with profound insights, making it a must-read for its genre.</p><p>Whether you're seeking inspiration, knowledge, or entertainment, <strong>A Man On The Moon</strong> delivers it all with unmatched depth and creativity.</p>",Andrew Chaikin is an acclaimed writer known for their insightful works and exceptional storytelling.,Discover the heart of A Man On The Moon.|Each page of A Man On The Moon brings new insights.|A journey into the profound.|Let A Man On The Moon inspire you.|Uncover wisdom with Andrew Chaikin.,Andrew Chaikin shares the world through words.|Explore the mind of Andrew Chaikin.|Words that inspire and enlighten.|Dive into the creative brilliance of Andrew Chaikin.,Exploration of themes in A Man On The Moon.|Insights crafted by Andrew Chaikin.|A blend of storytelling and knowledge.,Readers who enjoy thoughtful and engaging narratives by Andrew Chaikin.,Insightful and engaging.,Learn from A Man On The Moon's wisdom.|Apply lessons from Andrew Chaikin.|Transform your perspective with this book.,"A Man On The Moon stands out for its unique approach to storytelling and insights, brought to life by Andrew Chaikin."
277097,made-to-stick-why-some-ideas-survive-and-others-die,chip-heath,Made To Stick Why Some Ideas Survive And Others Die: A Masterpiece by Chip Heath,"Made To Stick Why Some Ideas Survive And Others Die by Chip Heath takes you on a journey through unique perspectives, exploring themes of identity, growth, and transformation.","<p><strong>Made To Stick Why Some Ideas Survive And Others Die</strong> offers an in-depth exploration of its central theme, crafted masterfully by Chip Heath. This book combines engaging storytelling with profound insights, making it a must-read for its genre.</p><p>Whether you're seeking inspiration, knowledge, or entertainment, <strong>Made To Stick Why Some Ideas Survive And Others Die</strong> delivers it all with unmatched depth and creativity.</p>",Chip Heath is an acclaimed writer known for their insightful works and exceptional storytelling.,Discover the heart of Made To Stick Why Some Ideas Survive And Others Die.|Each page of Made To Stick Why Some Ideas Survive And Others Die brings new insights.|A journey into the profound.|Let Made To Stick Why Some Ideas Survive And Others Die inspire you.|Uncover wisdom with Chip Heath.,Chip Heath shares the world through words.|Explore the mind of Chip Heath.|Words that inspire and enlighten.|Dive into the creative brilliance of Chip Heath.,Exploration of themes in Made To Stick Why Some Ideas Survive And Others Die.|Insights crafted by Chip Heath.|A blend of storytelling and knowledge.,Readers who enjoy thoughtful and engaging narratives by Chip Heath.,Insightful and engaging.,Learn from Made To Stick Why Some Ideas Survive And Others Die's wisdom.|Apply lessons from Chip Heath.|Transform your perspective with this book.,"Made To Stick Why Some Ideas Survive And Others Die stands out for its unique approach to storytelling and insights, brought to life by Chip Heath."
285246,50-psychology-classics-who-we-are-how-we-think-what-we-do-insight-and-inspiration-from-50-key-books,tom-butler-bowdon,50 Psychology Classics Who We Are How We Think What We Do Insight And Inspiration From 50 Key Books: A Masterpiece by Tom Butler Bowdon,"50 Psychology Classics Who We Are How We Think What We Do Insight And Inspiration From 50 Key Books by Tom Butler Bowdon takes you on a journey through unique perspectives, exploring themes of identity, growth, and transformation.","<p><strong>50 Psychology Classics Who We Are How We Think What We Do Insight And Inspiration From 50 Key Books</strong> offers an in-depth exploration of its central theme, crafted masterfully by Tom Butler Bowdon. This book combines engaging storytelling with profound insights, making it a must-read for its genre.</p><p>Whether you're seeking inspiration, knowledge, or entertainment, <strong>50 Psychology Classics Who We Are How We Think What We Do Insight And Inspiration From 50 Key Books</strong> delivers it all with unmatched depth and creativity.</p>",Tom Butler Bowdon is an acclaimed writer known for their insightful works and exceptional storytelling.,Discover the heart of 50 Psychology Classics Who We Are How We Think What We Do Insight And Inspiration From 50 Key Books.|Each page of 50 Psychology Classics Who We Are How We Think What We Do Insight And Inspiration From 50 Key Books brings new insights.|A journey into the profound.|Let 50 Psychology Classics Who We Are How We Think What We Do Insight And Inspiration From 50 Key Books inspire you.|Uncover wisdom with Tom Butler Bowdon.,Tom Butler Bowdon shares the world through words.|Explore the mind of Tom Butler Bowdon.|Words that inspire and enlighten.|Dive into the creative brilliance of Tom Butler Bowdon.,Exploration of themes in 50 Psychology Classics Who We Are How We Think What We Do Insight And Inspiration From 50 Key Books.|Insights crafted by Tom Butler Bowdon.|A blend of storytelling and knowledge.,Readers who enjoy thoughtful and engaging narratives by Tom Butler Bowdon.,Insightful and engaging.,Learn from 50 Psychology Classics Who We Are How We Think What We Do Insight And Inspiration From 50 Key Books's wisdom.|Apply lessons from Tom Butler Bowdon.|Transform your perspective with this book.,"50 Psychology Classics Who We Are How We Think What We Do Insight And Inspiration From 50 Key Books stands out for its unique approach to storytelling and insights, brought to life by Tom Butler Bowdon."
298852,thing-explainer-complicated-stuff-in-simple-words,randall-munroe,Thing Explainer Complicated Stuff In Simple Words: A Masterpiece by Randall Munroe,"Thing Explainer Complicated Stuff In Simple Words by Randall Munroe takes you on a journey through unique perspectives, exploring themes of identity, growth, and transformation.","<p><strong>Thing Explainer Complicated Stuff In Simple Words</strong> offers an in-depth exploration of its central theme, crafted masterfully by Randall Munroe. This book combines engaging storytelling with profound insights, making it a must-read for its genre.</p><p>Whether you're seeking inspiration, knowledge, or entertainment, <strong>Thing Explainer Complicated Stuff In Simple Words</strong> delivers it all with unmatched depth and creativity.</p>",Randall Munroe is an acclaimed writer known for their insightful works and exceptional storytelling.,Discover the heart of Thing Explainer Complicated Stuff In Simple Words.|Each page of Thing Explainer Complicated Stuff In Simple Words brings new insights.|A journey into the profound.|Let Thing Explainer Complicated Stuff In Simple Words inspire you.|Uncover wisdom with Randall Munroe.,Randall Munroe shares the world through words.|Explore the mind of Randall Munroe.|Words that inspire and enlighten.|Dive into the creative brilliance of Randall Munroe.,Exploration of themes in Thing Explainer Complicated Stuff In Simple Words.|Insights crafted by Randall Munroe.|A blend of storytelling and knowledge.,Readers who enjoy thoughtful and engaging narratives by Randall Munroe.,Insightful and engaging.,Learn from Thing Explainer Complicated Stuff In Simple Words's wisdom.|Apply lessons from Randall Munroe.|Transform your perspective with this book.,"Thing Explainer Complicated Stuff In Simple Words stands out for its unique approach to storytelling and insights, brought to life by Randall Munroe."
286294,wicca-a-guide-for-the-solitary-practitioner,scott-cunningham,Wicca A Guide For The Solitary Practitioner: A Masterpiece by Scott Cunningham,"Wicca A Guide For The Solitary Practitioner by Scott Cunningham takes you on a journey through unique perspectives, exploring themes of identity, growth, and transformation.","<p><strong>Wicca A Guide For The Solitary Practitioner</strong> offers an in-depth exploration of its central theme, crafted masterfully by Scott Cunningham. This book combines engaging storytelling with profound insights, making it a must-read for its genre.</p><p>Whether you're seeking inspiration, knowledge, or entertainment, <strong>Wicca A Guide For The Solitary Practitioner</strong> delivers it all with unmatched depth and creativity.</p>",Scott Cunningham is an acclaimed writer known for their insightful works and exceptional storytelling.,Discover the heart of Wicca A Guide For The Solitary Practitioner.|Each page of Wicca A Guide For The Solitary Practitioner brings new insights.|A journey into the profound.|Let Wicca A Guide For The Solitary Practitioner inspire you.|Uncover wisdom with Scott Cunningham.,Scott Cunningham shares the world through words.|Explore the mind of Scott Cunningham.|Words that inspire and enlighten.|Dive into the creative brilliance of Scott Cunningham.,Exploration of themes in Wicca A Guide For The Solitary Practitioner.|Insights crafted by Scott Cunningham.|A blend of storytelling and knowledge.,Readers who enjoy thoughtful and engaging narratives by Scott Cunningham.,Insightful and engaging.,Learn from Wicca A Guide For The Solitary Practitioner's wisdom.|Apply lessons from Scott Cunningham.|Transform your perspective with this book.,"Wicca A Guide For The Solitary Practitioner stands out for its unique approach to storytelling and insights, brought to life by Scott Cunningham."
302326,the-informed-gardener-blooms-again,linda-chalker-scott,The Informed Gardener Blooms Again: A Masterpiece by Linda Chalker Scott,"The Informed Gardener Blooms Again by Linda Chalker Scott takes you on a journey through unique perspectives, exploring themes of identity, growth, and transformation.","<p><strong>The Informed Gardener Blooms Again</strong> offers an in-depth exploration of its central theme, crafted masterfully by Linda Chalker Scott. This book combines engaging storytelling with profound insights, making it a must-read for its genre.</p><p>Whether you're seeking inspiration, knowledge, or entertainment, <strong>The Informed Gardener Blooms Again</strong> delivers it all with unmatched depth and creativity.</p>",Linda Chalker Scott is an acclaimed writer known for their insightful works and exceptional storytelling.,Discover the heart of The Informed Gardener Blooms Again.|Each page of The Informed Gardener Blooms Again brings new insights.|A journey into the profound.|Let The Informed Gardener Blooms Again inspire you.|Uncover wisdom with Linda Chalker Scott.,Linda Chalker Scott shares the world through words.|Explore the mind of Linda Chalker Scott.|Words that inspire and enlighten.|Dive into the creative brilliance of Linda Chalker Scott.,Exploration of themes in The Informed Gardener Blooms Again.|Insights crafted by Linda Chalker Scott.|A blend of storytelling and knowledge.,Readers who enjoy thoughtful and engaging narratives by Linda Chalker Scott.,Insightful and engaging.,Learn from The Informed Gardener Blooms Again's wisdom.|Apply lessons from Linda Chalker Scott.|Transform your perspective with this book.,"The Informed Gardener Blooms Again stands out for its unique approach to storytelling and insights, brought to life by Linda Chalker Scott."
280214,the-myths-of-creativity-the-truth-about-how-innovative-companies-and-people-generate-great-ideas,david-burkus,The Myths Of Creativity The Truth About How Innovative Companies And People Generate Great Ideas: A Masterpiece by David Burkus,"The Myths Of Creativity The Truth About How Innovative Companies And People Generate Great Ideas by David Burkus takes you on a journey through unique perspectives, exploring themes of identity, growth, and transformation.","<p><strong>The Myths Of Creativity The Truth About How Innovative Companies And People Generate Great Ideas</strong> offers an in-depth exploration of its central theme, crafted masterfully by David Burkus. This book combines engaging storytelling with profound insights, making it a must-read for its genre.</p><p>Whether you're seeking inspiration, knowledge, or entertainment, <strong>The Myths Of Creativity The Truth About How Innovative Companies And People Generate Great Ideas</strong> delivers it all with unmatched depth and creativity.</p>",David Burkus is an acclaimed writer known for their insightful works and exceptional storytelling.,Discover the heart of The Myths Of Creativity The Truth About How Innovative Companies And People Generate Great Ideas.|Each page of The Myths Of Creativity The Truth About How Innovative Companies And People Generate Great Ideas brings new insights.|A journey into the profound.|Let The Myths Of Creativity The Truth About How Innovative Companies And People Generate Great Ideas inspire you.|Uncover wisdom with David Burkus.,David Burkus shares the world through words.|Explore the mind of David Burkus.|Words that inspire and enlighten.|Dive into the creative brilliance of David Burkus.,Exploration of themes in The Myths Of Creativity The Truth About How Innovative Companies And People Generate Great Ideas.|Insights crafted by David Burkus.|A blend of storytelling and knowledge.,Readers who enjoy thoughtful and engaging narratives by David Burkus.,Insightful and engaging.,Learn from The Myths Of Creativity The Truth About How Innovative Companies And People Generate Great Ideas's wisdom.|Apply lessons from David Burkus.|Transform your perspective with this book.,"The Myths Of Creativity The Truth About How Innovative Companies And People Generate Great Ideas stands out for its unique approach to storytelling and insights, brought to life by David Burkus."
279879,the-body-language-of-love,allan-pease,The Body Language Of Love: A Masterpiece by Allan Pease,"The Body Language Of Love by Allan Pease takes you on a journey through unique perspectives, exploring themes of identity, growth, and transformation.","<p><strong>The Body Language Of Love</strong> offers an in-depth exploration of its central theme, crafted masterfully by Allan Pease. This book combines engaging storytelling with profound insights, making it a must-read for its genre.</p><p>Whether you're seeking inspiration, knowledge, or entertainment, <strong>The Body Language Of Love</strong> delivers it all with unmatched depth and creativity.</p>",Allan Pease is an acclaimed writer known for their insightful works and exceptional storytelling.,Discover the heart of The Body Language Of Love.|Each page of The Body Language Of Love brings new insights.|A journey into the profound.|Let The Body Language Of Love inspire you.|Uncover wisdom with Allan Pease.,Allan Pease shares the world through words.|Explore the mind of Allan Pease.|Words that inspire and enlighten.|Dive into the creative brilliance of Allan Pease.,Exploration of themes in The Body Language Of Love.|Insights crafted by Allan Pease.|A blend of storytelling and knowledge.,Readers who enjoy thoughtful and engaging narratives by Allan Pease.,Insightful and engaging.,Learn from The Body Language Of Love's wisdom.|Apply lessons from Allan Pease.|Transform your perspective with this book.,"The Body Language Of Love stands out for its unique approach to storytelling and insights, brought to life by Allan Pease."
300722,the-trouble-with-dragons,debi-gliori,The Trouble With Dragons: A Masterpiece by Debi Gliori,"The Trouble With Dragons by Debi Gliori takes you on a journey through unique perspectives, exploring themes of identity, growth, and transformation.","<p><strong>The Trouble With Dragons</strong> offers an in-depth exploration of its central theme, crafted masterfully by Debi Gliori. This book combines engaging storytelling with profound insights, making it a must-read for its genre.</p><p>Whether you're seeking inspiration, knowledge, or entertainment, <strong>The Trouble With Dragons</strong> delivers it all with unmatched depth and creativity.</p>",Debi Gliori is an acclaimed writer known for their insightful works and exceptional storytelling.,Discover the heart of The Trouble With Dragons.|Each page of The Trouble With Dragons brings new insights.|A journey into the profound.|Let The Trouble With Dragons inspire you.|Uncover wisdom with Debi Gliori.,Debi Gliori shares the world through words.|Explore the mind of Debi Gliori.|Words that inspire and enlighten.|Dive into the creative brilliance of Debi Gliori.,Exploration of themes in The Trouble With Dragons.|Insights crafted by Debi Gliori.|A blend of storytelling and knowledge.,Readers who enjoy thoughtful and engaging narratives by Debi Gliori.,Insightful and engaging.,Learn from The Trouble With Dragons's wisdom.|Apply lessons from Debi Gliori.|Transform your perspective with this book.,"The Trouble With Dragons stands out for its unique approach to storytelling and insights, brought to life by Debi Gliori."
304287,i-wonder,marian-bantjes,I Wonder: A Masterpiece by Marian Bantjes,"I Wonder by Marian Bantjes takes you on a journey through unique perspectives, exploring themes of identity, growth, and transformation.","<p><strong>I Wonder</strong> offers an in-depth exploration of its central theme, crafted masterfully by Marian Bantjes. This book combines engaging storytelling with profound insights, making it a must-read for its genre.</p><p>Whether you're seeking inspiration, knowledge, or entertainment, <strong>I Wonder</strong> delivers it all with unmatched depth and creativity.</p>",Marian Bantjes is an acclaimed writer known for their insightful works and exceptional storytelling.,Discover the heart of I Wonder.|Each page of I Wonder brings new insights.|A journey into the profound.|Let I Wonder inspire you.|Uncover wisdom with Marian Bantjes.,Marian Bantjes shares the world through words.|Explore the mind of Marian Bantjes.|Words that inspire and enlighten.|Dive into the creative brilliance of Marian Bantjes.,Exploration of themes in I Wonder.|Insights crafted by Marian Bantjes.|A blend of storytelling and knowledge.,Readers who enjoy thoughtful and engaging narratives by Marian Bantjes.,Insightful and engaging.,Learn from I Wonder's wisdom.|Apply lessons from Marian Bantjes.|Transform your perspective with this book.,"I Wonder stands out for its unique approach to storytelling and insights, brought to life by Marian Bantjes."
310939,before-roe-v-wade-voices-that-shaped-the-abortion-debate-before-the-supreme-court-s-ruling,linda-greenhouse,Before Roe V Wade Voices That Shaped The Abortion Debate Before The Supreme Court S Ruling: A Masterpiece by Linda Greenhouse,"Before Roe V Wade Voices That Shaped The Abortion Debate Before The Supreme Court S Ruling by Linda Greenhouse takes you on a journey through unique perspectives, exploring themes of identity, growth, and transformation.","<p><strong>Before Roe V Wade Voices That Shaped The Abortion Debate Before The Supreme Court S Ruling</strong> offers an in-depth exploration of its central theme, crafted masterfully by Linda Greenhouse. This book combines engaging storytelling with profound insights, making it a must-read for its genre.</p><p>Whether you're seeking inspiration, knowledge, or entertainment, <strong>Before Roe V Wade Voices That Shaped The Abortion Debate Before The Supreme Court S Ruling</strong> delivers it all with unmatched depth and creativity.</p>",Linda Greenhouse is an acclaimed writer known for their insightful works and exceptional storytelling.,Discover the heart of Before Roe V Wade Voices That Shaped The Abortion Debate Before The Supreme Court S Ruling.|Each page of Before Roe V Wade Voices That Shaped The Abortion Debate Before The Supreme Court S Ruling brings new insights.|A journey into the profound.|Let Before Roe V Wade Voices That Shaped The Abortion Debate Before The Supreme Court S Ruling inspire you.|Uncover wisdom with Linda Greenhouse.,Linda Greenhouse shares the world through words.|Explore the mind of Linda Greenhouse.|Words that inspire and enlighten.|Dive into the creative brilliance of Linda Greenhouse.,Exploration of themes in Before Roe V Wade Voices That Shaped The Abortion Debate Before The Supreme Court S Ruling.|Insights crafted by Linda Greenhouse.|A blend of storytelling and knowledge.,Readers who enjoy thoughtful and engaging narratives by Linda Greenhouse.,Insightful and engaging.,Learn from Before Roe V Wade Voices That Shaped The Abortion Debate Before The Supreme Court S Ruling's wisdom.|Apply lessons from Linda Greenhouse.|Transform your perspective with this book.,"Before Roe V Wade Voices That Shaped The Abortion Debate Before The Supreme Court S Ruling stands out for its unique approach to storytelling and insights, brought to life by Linda Greenhouse."
298379,the-outermost-house-a-year-of-life-on-the-great-beach-of-cape-cod,henry-beston,The Outermost House A Year Of Life On The Great Beach Of Cape Cod: A Masterpiece by Henry Beston,"The Outermost House A Year Of Life On The Great Beach Of Cape Cod by Henry Beston takes you on a journey through unique perspectives, exploring themes of identity, growth, and transformation.","<p><strong>The Outermost House A Year Of Life On The Great Beach Of Cape Cod</strong> offers an in-depth exploration of its central theme, crafted masterfully by Henry Beston. This book combines engaging storytelling with profound insights, making it a must-read for its genre.</p><p>Whether you're seeking inspiration, knowledge, or entertainment, <strong>The Outermost House A Year Of Life On The Great Beach Of Cape Cod</strong> delivers it all with unmatched depth and creativity.</p>",Henry Beston is an acclaimed writer known for their insightful works and exceptional storytelling.,Discover the heart of The Outermost House A Year Of Life On The Great Beach Of Cape Cod.|Each page of The Outermost House A Year Of Life On The Great Beach Of Cape Cod brings new insights.|A journey into the profound.|Let The Outermost House A Year Of Life On The Great Beach Of Cape Cod inspire you.|Uncover wisdom with Henry Beston.,Henry Beston shares the world through words.|Explore the mind of Henry Beston.|Words that inspire and enlighten.|Dive into the creative brilliance of Henry Beston.,Exploration of themes in The Outermost House A Year Of Life On The Great Beach Of Cape Cod.|Insights crafted by Henry Beston.|A blend of storytelling and knowledge.,Readers who enjoy thoughtful and engaging narratives by Henry Beston.,Insightful and engaging.,Learn from The Outermost House A Year Of Life On The Great Beach Of Cape Cod's wisdom.|Apply lessons from Henry Beston.|Transform your perspective with this book.,"The Outermost House A Year Of Life On The Great Beach Of Cape Cod stands out for its unique approach to storytelling and insights, brought to life by Henry Beston."
307372,the-sandman-vol-8-worlds-end,neil-gaiman,The Sandman Vol 8 Worlds End: A Masterpiece by Neil Gaiman,"The Sandman Vol 8 Worlds End by Neil Gaiman takes you on a journey through unique perspectives, exploring themes of identity, growth, and transformation.","<p><strong>The Sandman Vol 8 Worlds End</strong> offers an in-depth exploration of its central theme, crafted masterfully by Neil Gaiman. This book combines engaging storytelling with profound insights, making it a must-read for its genre.</p><p>Whether you're seeking inspiration, knowledge, or entertainment, <strong>The Sandman Vol 8 Worlds End</strong> delivers it all with unmatched depth and creativity.</p>",Neil Gaiman is an acclaimed writer known for their insightful works and exceptional storytelling.,Discover the heart of The Sandman Vol 8 Worlds End.|Each page of The Sandman Vol 8 Worlds End brings new insights.|A journey into the profound.|Let The Sandman Vol 8 Worlds End inspire you.|Uncover wisdom with Neil Gaiman.,Neil Gaiman shares the world through words.|Explore the mind of Neil Gaiman.|Words that inspire and enlighten.|Dive into the creative brilliance of Neil Gaiman.,Exploration of themes in The Sandman Vol 8 Worlds End.|Insights crafted by Neil Gaiman.|A blend of storytelling and knowledge.,Readers who enjoy thoughtful and engaging narratives by Neil Gaiman.,Insightful and engaging.,Learn from The Sandman Vol 8 Worlds End's wisdom.|Apply lessons from Neil Gaiman.|Transform your perspective with this book.,"The Sandman Vol 8 Worlds End stands out for its unique approach to storytelling and insights, brought to life by Neil Gaiman."
304985,experiencing-architecture,steen-eiler-rasmussen,Experiencing Architecture: A Masterpiece by Steen Eiler Rasmussen,"Experiencing Architecture by Steen Eiler Rasmussen takes you on a journey through unique perspectives, exploring themes of identity, growth, and transformation.","<p><strong>Experiencing Architecture</strong> offers an in-depth exploration of its central theme, crafted masterfully by Steen Eiler Rasmussen. This book combines engaging storytelling with profound insights, making it a must-read for its genre.</p><p>Whether you're seeking inspiration, knowledge, or entertainment, <strong>Experiencing Architecture</strong> delivers it all with unmatched depth and creativity.</p>",Steen Eiler Rasmussen is an acclaimed writer known for their insightful works and exceptional storytelling.,Discover the heart of Experiencing Architecture.|Each page of Experiencing Architecture brings new insights.|A journey into the profound.|Let Experiencing Architecture inspire you.|Uncover wisdom with Steen Eiler Rasmussen.,Steen Eiler Rasmussen shares the world through words.|Explore the mind of Steen Eiler Rasmussen.|Words that inspire and enlighten.|Dive into the creative brilliance of Steen Eiler Rasmussen.,Exploration of themes in Experiencing Architecture.|Insights crafted by Steen Eiler Rasmussen.|A blend of storytelling and knowledge.,Readers who enjoy thoughtful and engaging narratives by Steen Eiler Rasmussen.,Insightful and engaging.,Learn from Experiencing Architecture's wisdom.|Apply lessons from Steen Eiler Rasmussen.|Transform your perspective with this book.,"Experiencing Architecture stands out for its unique approach to storytelling and insights, brought to life by Steen Eiler Rasmussen."
